-0.04835039	-0.05849870	0.03207104	0.04119837	0.11861152	-0.06956165	0.07319179	-0.01408338	0.04129806	-0.04514049	0.01296196	-0.02445825	0.04099074	-0.02288677	-0.01141390	0.02438263	-0.03964889	-0.01349247	-0.03313109	-0.05904711	-0.08716869	-0.01772886	0.02215972	0.01024240	-0.10061504	0.07989330	0.02682839	-0.07399979	0.14146009	-0.07699595	-0.01125802	0.06610121	0.00876662	0.08725501	-0.06686532	0.03850086	-0.01988400	0.01305972	0.05924492	-0.01655238	-0.00335568	0.01850425	-0.04490133	-0.09647603	-0.08253284	-0.00647149	0.07492006	0.02817318	-0.02100283	-0.00759621	0.03592915	-0.09125361	-0.01122995	-0.02836779	-0.07497878	0.11754905	0.01062945	0.09546229	-0.02921389	-0.01302012	0.05438959	0.08179627	-0.01432891	0.07070769	-0.12634625	0.00273326	0.06094301	-0.12002246	0.03085444	-0.01215149	0.04537016	0.08912520	0.03464096	0.00924038	0.00599871	-0.04501027	0.01197664	0.04164374	-0.07302270	-0.00538649	0.02072967	-0.00386437	0.02764054	0.07440861	0.05731976	0.14215419	-0.06881616	-0.01594707	0.02469336	0.03048811	0.06949102	-0.02454047	0.02558561	0.15521143	-0.11194676	0.04648869	-0.01847952	0.05653245	-0.02328183	0.03261855	-0.00797793	-0.00296710	-0.00206406	0.06077828	-0.12985358	0.09889872	-0.00005264	-0.04074394	0.08855452	0.08575375	-0.09477590	0.04366700	0.03832861	0.03584191	0.06829391	-0.09238143	0.00769912	-0.03299343	0.05389640	-0.02706583	-0.08091862	0.07466440	-0.05731503	0.02356279	0.01049708	-0.12187605	-0.03976196	0.06628472	-0.04942357	-0.01509895	0.07892428	0.03922343	-0.00929003	0.01365807	-0.00240911	0.04902390	0.03787845	0.03117003	0.11614322	0.02281725	0.04820600	-0.01570008	-0.07741214	0.02720323	0.02011008	-0.04581460	-0.17876022	-0.02166370	0.10421466	0.01016383	-0.05724146	-0.01593786	-0.01656136	-0.01147111	0.00241147	0.00042032	-0.04730647	0.01407741	0.14129490	0.08298519	0.04415931	0.01576988	0.00724225	0.07230778	0.05462698	0.02078461	-0.03099844	0.02813975	-0.02030477	-0.01423594	0.05609910	0.03946895	-0.03025365	-0.07685351	0.05735582	-0.01119732	0.09323646	0.00877322	0.07052885	-0.08224246	-0.09099695	0.15662746	-0.00297086	0.14794172	0.19688725	0.06038367	-0.02336541	0.02704592	0.07304783	-0.15110239	0.04654994	-0.07737028	0.05312438	-0.06783285	-0.07502944	-0.00099852	0.03534979	-0.00811888	0.00468849	-0.08167604	-0.04862327	-0.07160409	-0.01433562	0.13986954	-0.02311089	-0.01453417	0.00295239	-0.00083162	-0.00469501	0.07437120	-0.00544735	-0.06438706	-0.01165656	-0.01862377	-0.04544671	-0.10357420	0.03600426	0.05525750	0.04848994	0.02365062	0.07612531	-0.00042225	0.13980256	0.10496198	-0.03452737	0.05342779	0.11712863	-0.06149901	-0.10999601	-0.06937887	0.05575597	-0.12902012	-0.07423118	-0.05148342	0.07567492	0.02089423	0.02288238	0.11053338	-0.07426429	-0.01102143	-0.01491725	0.00302050	-0.02876057	-0.07778818	0.05193976	0.02025467	0.02588068	0.02081414	-0.04089243	0.05733571	0.04692737	0.04859563	0.02460308	0.04836266	-0.02699791	0.04718085
-0.05155356	-0.05645021	0.02123340	0.03596944	0.12558635	-0.07359811	0.07704014	-0.01829989	0.04570771	-0.04532720	0.01219171	-0.01961794	0.03615020	-0.02796007	-0.00687340	0.01745618	-0.03456404	-0.01482824	-0.03196066	-0.06109309	-0.08645936	-0.01634649	0.02488242	0.00668583	-0.10341085	0.07933184	0.03151004	-0.07139479	0.13774128	-0.06547860	-0.01101406	0.06838129	0.01239772	0.07954314	-0.07065465	0.03962139	-0.02340482	0.01425524	0.06431217	-0.01699097	-0.00908930	0.01881093	-0.04567528	-0.08972716	-0.08495414	-0.00604361	0.07347614	0.03281952	-0.01450955	-0.00810667	0.03312150	-0.08656088	-0.01082688	-0.02968499	-0.07830479	0.11114810	0.00718155	0.09187728	-0.02808734	-0.01597440	0.05802450	0.07323346	-0.01419028	0.07267359	-0.12793215	0.01250114	0.05635978	-0.11085528	0.03748541	-0.00506194	0.04908464	0.08890128	0.04103219	0.00693720	0.01344078	-0.05061962	0.00908781	0.04001649	-0.07622985	-0.00651789	0.01409397	-0.00870153	0.02679677	0.07130723	0.05320372	0.13991849	-0.06391186	-0.01109975	0.02080687	0.03871816	0.07247666	-0.02192235	0.02887229	0.16231275	-0.11038251	0.04759126	-0.02278363	0.04583801	-0.02457323	0.03461134	-0.00300600	-0.00238091	-0.00677586	0.06420197	-0.12464549	0.10448928	0.00627494	-0.04345588	0.08493398	0.08504393	-0.09511310	0.05038528	0.03782355	0.04257961	0.06660086	-0.10439361	0.00825998	-0.03000507	0.05575663	-0.03645679	-0.08350968	0.06591695	-0.05229340	0.02019475	0.01109616	-0.12102313	-0.04941319	0.06010377	-0.06110518	-0.01484378	0.07807362	0.03504407	-0.01138719	0.02298266	0.00140138	0.04145387	0.03750122	0.03250808	0.12108687	0.02086744	0.04746322	-0.02032983	-0.08036423	0.02607784	0.01434317	-0.04382467	-0.17844582	-0.02474983	0.10384104	0.01101872	-0.05714978	-0.02156204	-0.01753206	-0.01441829	-0.00038683	-0.00170463	-0.05367822	0.01487375	0.13833484	0.08578929	0.04392436	0.01253897	0.00631213	0.07462262	0.05462947	0.02253977	-0.02534238	0.03641907	-0.02162263	-0.02387924	0.06003733	0.03972353	-0.02234369	-0.08034416	0.05645204	-0.02183006	0.09059284	0.00604086	0.07272046	-0.08180084	-0.08564094	0.14828901	-0.00045152	0.14595500	0.19280149	0.05848471	-0.02812895	0.02700923	0.07266562	-0.15772206	0.05644545	-0.07751966	0.05364284	-0.06705531	-0.07362563	-0.00490004	0.02707214	-0.01915115	-0.00057323	-0.08883919	-0.05802170	-0.07061887	-0.02044274	0.14360338	-0.02894165	-0.00913964	0.00354515	-0.00098976	-0.00654313	0.07058534	-0.00357928	-0.05973585	-0.01368359	-0.01903146	-0.04423718	-0.10394455	0.03465562	0.05628779	0.04244791	0.02262353	0.07982673	-0.00046792	0.14107561	0.10435254	-0.04014412	0.04455565	0.11972624	-0.05758262	-0.10924833	-0.06618494	0.05598713	-0.11833832	-0.07052536	-0.05574243	0.07623970	0.02954969	0.01973978	0.11516091	-0.07111791	-0.01510863	-0.01837968	0.00138199	-0.03898562	-0.07494564	0.05545110	0.01868731	0.02385060	0.01997334	-0.04395356	0.05583379	0.04978480	0.04951836	0.02970100	0.05184593	-0.02846254	0.04777731
-0.04478370	-0.04999245	0.03079686	0.03787428	0.11738122	-0.07341300	0.07657391	-0.00479435	0.04538111	-0.04335709	0.01204110	-0.02327032	0.03655243	-0.03042600	-0.01106451	0.01355516	-0.04196570	-0.01309165	-0.03075289	-0.06033194	-0.09339169	-0.02289040	0.02745561	0.00623664	-0.09470870	0.07698973	0.03088013	-0.07147636	0.13913393	-0.07278772	-0.01279351	0.07242887	0.00626488	0.08534912	-0.07436052	0.04495191	-0.01907799	0.01251097	0.06149385	-0.01745044	-0.00531240	0.02253198	-0.04126548	-0.09169561	-0.07790049	-0.00465037	0.07703344	0.02893245	-0.02136557	-0.01096890	0.03148517	-0.09163433	-0.00522173	-0.02335866	-0.08401702	0.11616772	0.00892048	0.09464983	-0.02863777	-0.01558051	0.05941533	0.07756539	-0.01330651	0.07029027	-0.12140554	0.00560541	0.06378978	-0.11703944	0.04492271	-0.00775832	0.05009497	0.09132907	0.03439821	0.00902756	0.01078874	-0.04849428	0.00833188	0.03755355	-0.07829069	-0.00195571	0.01872193	-0.00931190	0.02370015	0.07406948	0.06458489	0.14098150	-0.06270248	-0.00647317	0.02585885	0.03737097	0.07254028	-0.02727393	0.03247379	0.15640774	-0.10727493	0.05144455	-0.01514481	0.03921969	-0.01913914	0.02939242	-0.00910840	-0.01124901	0.00389531	0.06354369	-0.13303673	0.09969186	0.00092110	-0.04324174	0.07916012	0.08366208	-0.09023447	0.05378855	0.03551034	0.04086566	0.07701988	-0.10631992	0.00553857	-0.02749754	0.05840786	-0.03017725	-0.08342931	0.05968994	-0.05464116	0.02753440	0.00391471	-0.12596476	-0.04269884	0.05993227	-0.05683976	-0.01788332	0.07558157	0.02970205	-0.00900733	0.01453163	-0.00156785	0.04134899	0.03673537	0.02986282	0.11988787	0.02326508	0.04708899	-0.01725214	-0.08810623	0.02977307	0.01738631	-0.03667931	-0.17094372	-0.01756181	0.10570823	0.00692920	-0.04890185	-0.01500051	-0.02062247	-0.01046799	-0.00391438	-0.00500316	-0.04613725	0.01602750	0.14031214	0.07616719	0.04227412	0.01127874	0.00239061	0.06854078	0.05365508	0.02267959	-0.02685068	0.02765750	-0.02010213	-0.02288982	0.05879842	0.04344283	-0.02682064	-0.08580885	0.06102908	-0.00998754	0.08930673	0.01760621	0.06732266	-0.08784328	-0.08721298	0.15491806	-0.00286984	0.14989503	0.19675951	0.06146916	-0.03015008	0.02427178	0.06594487	-0.14916335	0.04818616	-0.07857756	0.05221952	-0.07031848	-0.07374404	-0.00288824	0.02730576	-0.01890210	0.00532703	-0.08603751	-0.04857073	-0.07833238	-0.01605338	0.13311428	-0.03214363	-0.01054441	0.00687602	0.00173911	-0.00078580	0.07442889	-0.00584229	-0.06132230	-0.01056139	-0.01883705	-0.05056113	-0.10393903	0.03557141	0.05177936	0.05261079	0.02489269	0.07635183	-0.00213874	0.13992098	0.10942120	-0.03718552	0.04406515	0.12163913	-0.06033938	-0.10483193	-0.07411846	0.05412305	-0.12607679	-0.08120415	-0.05784542	0.06781891	0.02803994	0.02954781	0.11514484	-0.07186189	-0.01094134	-0.01992178	0.00973712	-0.03045816	-0.08191993	0.05208454	0.02100427	0.01850006	0.02258953	-0.04024738	0.05518370	0.04610625	0.04856552	0.03166461	0.04597623	-0.02715957	0.04472116
-0.05390292	-0.05433579	0.02232798	0.04499473	0.12303385	-0.07169016	0.07447769	-0.01648005	0.04096577	-0.04971219	0.01463739	-0.01911885	0.04831316	-0.03324175	-0.01404881	0.02041256	-0.03662644	-0.01548052	-0.03350421	-0.06724762	-0.08819398	-0.02065734	0.02146461	0.01186041	-0.09700812	0.07321496	0.03592259	-0.08056502	0.13571571	-0.07310367	-0.01149269	0.07845905	0.00885347	0.08639593	-0.07135102	0.04615302	-0.01498502	0.01594289	0.05558949	-0.01709237	-0.00897487	0.02283131	-0.04327370	-0.09567427	-0.08252002	-0.00780175	0.07791954	0.03596635	-0.01738315	-0.01248356	0.03535702	-0.08336613	-0.00702605	-0.02775178	-0.07797108	0.11754338	0.00735117	0.09348407	-0.02493751	-0.01956988	0.05989395	0.07995910	-0.01419875	0.07143556	-0.12098905	0.01508373	0.05291006	-0.11041543	0.04422387	0.00002296	0.04920357	0.09107698	0.03155097	0.00901982	0.00329681	-0.04531031	0.01105686	0.04276348	-0.07951175	-0.00696470	0.01718036	-0.00824734	0.02718548	0.07029317	0.06511012	0.14310943	-0.07022096	-0.00658368	0.02247105	0.03148587	0.07225175	-0.02661022	0.03367360	0.15719166	-0.11088774	0.04600339	-0.01851245	0.04943039	-0.02151304	0.03200806	-0.00378545	-0.00061413	-0.00354365	0.05904563	-0.12323458	0.09354573	0.00446544	-0.04554590	0.08398212	0.08520420	-0.09119876	0.05039842	0.03751786	0.04045209	0.07115774	-0.10055374	0.00878967	-0.03238628	0.05541063	-0.02235593	-0.08363834	0.06842528	-0.05339989	0.02251168	0.00288389	-0.11924881	-0.04265950	0.06670205	-0.05345945	-0.02116983	0.07456882	0.03385216	-0.00849798	0.02500494	-0.01156200	0.04992233	0.03587551	0.03383731	0.11179607	0.02719862	0.04794596	-0.02009886	-0.08406460	0.03066629	0.01735963	-0.04549931	-0.17223580	-0.02116753	0.10282996	0.01025646	-0.04777436	-0.01833302	-0.02699315	-0.00804801	0.00058877	-0.00879857	-0.04137083	0.01376859	0.13607727	0.08042293	0.03966741	0.01511683	0.00465355	0.07164591	0.05709716	0.02392092	-0.02567154	0.02254272	-0.01734616	-0.01663212	0.05273812	0.04284572	-0.02677591	-0.07867155	0.05667598	-0.01351748	0.08977098	0.02162216	0.07360854	-0.08897628	-0.09011886	0.15611710	0.00026204	0.14626208	0.19689570	0.06610284	-0.03035429	0.02273585	0.07030299	-0.15208934	0.05242712	-0.08182400	0.05461577	-0.07090027	-0.07471114	-0.00680199	0.03367911	-0.01355177	0.00434373	-0.08544236	-0.05531763	-0.06749366	-0.01867210	0.13420959	-0.02284656	-0.00572977	-0.00035314	-0.00424032	0.00010956	0.07687693	0.00183426	-0.06087440	-0.01657953	-0.01880454	-0.03873270	-0.10811920	0.02811901	0.06097562	0.04545235	0.02251765	0.08267272	0.00405533	0.13560659	0.10106950	-0.03954286	0.04728751	0.12450202	-0.06328892	-0.10942903	-0.07573331	0.05088118	-0.12424958	-0.07865017	-0.05568273	0.07059091	0.02830260	0.01666768	0.11380021	-0.06296346	-0.01727818	-0.01723090	0.01068441	-0.03741748	-0.07640406	0.05567625	0.01641482	0.02608901	0.02124223	-0.04151561	0.06283651	0.04926127	0.05178060	0.02745840	0.05025687	-0.03605332	0.04305022
0.02415953	-0.00395675	0.01632632	-0.07935659	-0.11173765	-0.16872811	0.05706441	0.05596957	-0.04772437	-0.06182120	-0.10718419	-0.02421471	0.00351067	0.08686540	0.08190066	-0.00548932	0.02593021	-0.03772061	0.01390661	0.07690659	-0.03817676	0.04631960	0.03857247	0.01119552	0.03852369	0.11488236	-0.07249285	0.04001055	-0.05128097	-0.09341945	0.03240763	0.09350976	0.11934842	-0.07297641	0.08501490	0.04254058	-0.00131810	-0.11900605	-0.04672961	0.01239160	0.00237250	-0.04326792	0.01503704	0.02999831	0.02202334	0.02555715	0.03565288	0.10177114	0.04662317	0.04166112	-0.06972951	-0.02137954	-0.00382243	0.00914443	-0.05687325	0.04411362	-0.01093743	0.01059502	0.00605865	-0.15645812	-0.02432470	-0.02904015	0.02443650	0.04788584	0.00482124	0.00765851	-0.02924377	0.06950139	-0.02450515	-0.00665614	0.06975733	-0.01396801	-0.00072631	0.02024253	0.05174954	0.02182355	-0.05798262	-0.02929393	0.07895154	0.01008783	0.04590593	-0.10327363	-0.00039488	0.10187560	0.01466833	-0.04818316	0.02987963	-0.04533356	-0.01607573	-0.01803061	-0.00505714	-0.02679265	-0.01297625	-0.00171435	-0.10917369	0.05012627	0.03479214	-0.01529525	-0.03533643	0.09962296	-0.03507385	-0.07950660	-0.11114445	-0.05331959	-0.08479859	-0.07013431	0.09421267	0.03769024	-0.04446160	0.09011798	-0.11252741	-0.11249188	0.08216444	0.01986903	-0.11013615	0.04890847	-0.00624721	0.07994696	0.12166795	-0.02144996	-0.01371544	-0.01140530	-0.06995687	-0.02693701	0.08122778	0.04252491	-0.01126465	-0.06862043	0.04016860	-0.04434385	0.06366467	-0.02962369	-0.01520019	-0.03659911	0.01663691	0.05340676	-0.03399935	0.09684927	0.06774203	0.00569644	-0.07957446	0.02488632	-0.02027951	-0.09326259	0.00996150	-0.03943786	-0.09738959	0.00062462	-0.05940384	0.00333271	0.10738944	-0.06297769	0.00070290	-0.02559221	-0.07868636	0.14860377	0.01876175	0.01067251	-0.01608011	-0.06301334	0.09170257	0.11598113	-0.02824571	-0.09895230	-0.05104801	0.01546079	-0.11039548	0.07127491	0.05536904	-0.05016136	0.00614234	0.11793236	0.05250190	-0.04494395	0.05005090	-0.04386251	0.01764092	0.10680764	0.00689469	-0.04397061	-0.00258419	-0.00441658	0.00395556	0.05188021	0.00374136	0.07170744	0.08143092	-0.00666306	-0.00460945	0.08157706	-0.03373560	-0.05084388	0.02039158	0.03834027	0.06076045	-0.12852606	-0.08059093	-0.02642267	-0.00770242	-0.02914429	0.07332580	-0.08062145	0.05172272	0.02459681	-0.07511698	-0.07284452	-0.03771161	0.12414526	-0.08907128	-0.04556596	-0.10156880	-0.12008562	-0.12498885	0.06766362	-0.01519224	0.02787240	-0.04834164	-0.03336193	-0.02752626	0.01248808	0.11007230	0.04887547	0.08819205	-0.00857774	0.01125298	-0.08329552	0.01982883	-0.06987710	-0.03956106	-0.15813036	-0.15574124	0.07191874	-0.11370095	-0.08569173	0.09918016	-0.01282783	-0.06103306	-0.04214932	-0.02671670	0.00054775	0.01453091	-0.04907198	0.07746065	0.04750171	-0.01543238	-0.01941584	0.10057206	-0.04975255	0.03325615	0.06667916	0.02414356	0.02434252	0.04337733	-0.00135958	0.01193118	-0.07002239
0.02504312	0.00329986	0.01577703	-0.07922783	-0.11218915	-0.16753884	0.05365840	0.06050949	-0.04191634	-0.06050225	-0.10491358	-0.02762846	0.00530559	0.09428850	0.09296995	-0.00450465	0.02320968	-0.03156118	0.01662394	0.07323843	-0.04043711	0.04293164	0.03892949	0.00921790	0.03391380	0.11030221	-0.07260425	0.03706434	-0.04970158	-0.09111445	0.03491136	0.09426793	0.12825224	-0.07400139	0.08414331	0.04654909	0.00059228	-0.12262950	-0.04571214	0.02050553	-0.00121316	-0.03672091	0.02221674	0.03469942	0.01411595	0.02852247	0.04428831	0.10762262	0.04577310	0.04086131	-0.06803489	-0.02277676	-0.00527672	0.00033001	-0.04710364	0.03613403	-0.01379215	0.02192239	0.00393483	-0.15828247	-0.02242737	-0.03198700	0.02154930	0.04733021	0.00686525	0.00405629	-0.02831348	0.06847072	-0.02296400	-0.01265519	0.06770089	-0.01430249	0.00346854	0.02908613	0.05361362	0.02288039	-0.05356140	-0.03676895	0.07601624	0.01327111	0.04913811	-0.09150659	-0.00786639	0.10948453	0.00943587	-0.05663237	0.02235606	-0.04169051	-0.01447980	-0.02225653	0.00256718	-0.02168626	-0.01449120	-0.00043605	-0.11157572	0.03460800	0.03707453	-0.01277613	-0.03554145	0.10028169	-0.03542017	-0.07609329	-0.10749050	-0.04890111	-0.08857632	-0.06816026	0.09371399	0.04329214	-0.04651171	0.08633517	-0.11895242	-0.11176862	0.08122212	0.01893435	-0.10922470	0.05269516	-0.00771728	0.07727350	0.11420815	-0.02046929	-0.00920063	-0.01423449	-0.07031285	-0.02446940	0.08384829	0.04673125	-0.01017713	-0.06879879	0.04537406	-0.03980521	0.05922069	-0.02956883	-0.01793119	-0.03443889	0.01353818	0.05330544	-0.02932447	0.09635300	0.06520477	0.00654710	-0.07987550	0.02817176	-0.02605915	-0.08915690	0.01703404	-0.03346071	-0.10044455	0.00509085	-0.05794283	-0.00060767	0.10852813	-0.05267563	0.00359669	-0.03017759	-0.08205584	0.15020029	0.01968768	0.01153892	-0.01981760	-0.06667897	0.09531654	0.11557650	-0.02629424	-0.09992202	-0.04448008	0.02287980	-0.12124480	0.06988140	0.06445959	-0.05913888	0.00839075	0.11579247	0.04768670	-0.04364328	0.04806216	-0.04063972	0.01223582	0.11642313	0.00717892	-0.04596718	0.00284540	-0.00426306	0.00277985	0.05047623	0.00528819	0.06615811	0.07758802	0.00038942	-0.01123466	0.08204916	-0.02990876	-0.05127047	0.02815705	0.03636652	0.06199281	-0.12821706	-0.08473636	-0.02846360	-0.00717072	-0.03123712	0.07166193	-0.08209322	0.05450072	0.02945557	-0.07567461	-0.07843850	-0.04134320	0.13089485	-0.08759888	-0.03837422	-0.10471688	-0.12301435	-0.12582242	0.06564105	-0.01613429	0.02851574	-0.03680498	-0.03390907	-0.03007511	0.01425784	0.10695871	0.05290555	0.09033951	-0.00356129	0.01107629	-0.07586336	0.02182690	-0.06415971	-0.04597314	-0.15047291	-0.15705429	0.07480036	-0.10837802	-0.08366171	0.09251764	-0.00627764	-0.05690650	-0.03926628	-0.03168439	0.00220368	0.01378274	-0.04453951	0.07878292	0.04044553	-0.01782819	-0.01844304	0.09642833	-0.04633010	0.04086913	0.06517634	0.01572532	0.02297937	0.03965675	-0.00034821	0.01904402	-0.06790933
0.01771071	-0.00038827	0.00706871	-0.07691316	-0.10744587	-0.16380104	0.06193542	0.06419648	-0.04916129	-0.05477044	-0.10438899	-0.01604005	0.00299988	0.09192227	0.08512630	-0.00500942	0.03150086	-0.03987696	0.01653434	0.07267123	-0.03942139	0.04592019	0.03687034	0.01464364	0.04472879	0.11568139	-0.06923088	0.04831941	-0.04709211	-0.09369151	0.03270854	0.09347451	0.12626350	-0.07763223	0.08958301	0.04782774	0.00010136	-0.12598079	-0.04108346	0.01951412	0.00141664	-0.04104660	0.02136207	0.02876899	0.01988510	0.02174551	0.03821046	0.09960428	0.04334945	0.04001691	-0.06892504	-0.02326277	-0.00670403	0.00924284	-0.04590013	0.03754573	-0.01016349	0.01369379	0.00192946	-0.15883347	-0.01908744	-0.03801805	0.03071489	0.04017070	0.00385598	0.00731971	-0.03423712	0.07365906	-0.02077159	-0.00699854	0.07017049	-0.02252359	0.00273679	0.02944609	0.04403810	0.01753133	-0.05468454	-0.03176876	0.08226051	0.01337377	0.04286833	-0.09465703	-0.00337476	0.10954737	0.01020910	-0.04592608	0.02647783	-0.03511758	-0.00955641	-0.01626110	-0.01035182	-0.02852410	-0.01104839	-0.00043788	-0.11075937	0.04391792	0.03729112	-0.01634794	-0.03527039	0.09679341	-0.03546199	-0.06996958	-0.10791374	-0.05248836	-0.09022052	-0.06873546	0.09095383	0.04298684	-0.03507101	0.08810147	-0.11951604	-0.10943042	0.08443584	0.01994717	-0.11321989	0.04606835	-0.00776762	0.07605874	0.11945336	-0.02028783	-0.00803776	-0.01394533	-0.06422555	-0.03099955	0.08445040	0.04013130	-0.01719806	-0.06962667	0.04119105	-0.04017612	0.06881469	-0.03514461	-0.02572684	-0.03108180	0.00606149	0.05194240	-0.02979472	0.09725593	0.07667723	0.00526487	-0.07801753	0.01921906	-0.02138504	-0.09421444	0.00720862	-0.03605701	-0.09159026	0.00289220	-0.06173928	0.00762387	0.10732874	-0.05151221	0.00577965	-0.02901904	-0.08453521	0.14638679	0.01923210	0.01178267	-0.01950282	-0.06679691	0.09881189	0.11127680	-0.03130259	-0.10546193	-0.04951951	0.02109921	-0.11395533	0.07301021	0.05594103	-0.05992004	0.00513753	0.11157969	0.04646773	-0.04465963	0.04924913	-0.04186503	0.01280745	0.10695929	0.00373704	-0.04144105	0.00137802	-0.00111309	-0.00144734	0.05219233	0.00577117	0.06614228	0.06843023	0.00059126	-0.00564552	0.08512390	-0.03588139	-0.05097238	0.02645203	0.03375076	0.07327042	-0.12936212	-0.08712528	-0.02853003	-0.00818683	-0.03367560	0.06664750	-0.07792882	0.05492040	0.02440354	-0.07464383	-0.07765800	-0.03964640	0.12913041	-0.08840504	-0.04275214	-0.10153634	-0.12403874	-0.13458110	0.06783737	-0.01849651	0.02820604	-0.04387397	-0.02527032	-0.02872190	0.01145406	0.10862719	0.05459531	0.08356022	-0.00990255	0.00924318	-0.07706910	0.02328534	-0.06255735	-0.04792927	-0.15181753	-0.15764017	0.07587334	-0.11622489	-0.08292164	0.09460306	-0.01062209	-0.06222117	-0.03804753	-0.03201809	0.00383647	0.01804487	-0.04817289	0.07821715	0.04051094	-0.00851227	-0.01387247	0.09388314	-0.05507521	0.03677668	0.07072726	0.01909739	0.02071384	0.03947750	0.00168485	0.00865059	-0.07028239
0.02098894	-0.00626576	0.01300367	-0.08014203	-0.11460526	-0.16518304	0.05987509	0.05403097	-0.04674852	-0.05576185	-0.10004328	-0.03156020	0.00951512	0.08691056	0.08852138	-0.00752147	0.03092170	-0.03788119	0.01804675	0.07111702	-0.03414223	0.04946287	0.03955140	0.01093045	0.03506942	0.11747525	-0.07060163	0.04379405	-0.04833433	-0.08987451	0.03308785	0.09776332	0.12527300	-0.07437964	0.08571844	0.04245381	0.00049014	-0.12512921	-0.04798718	0.01779358	0.00343782	-0.04406739	0.01838838	0.03435516	0.02269416	0.02567496	0.04067109	0.10713687	0.04343017	0.04666312	-0.06884876	-0.02240393	-0.01050428	0.00435152	-0.04928408	0.03876597	-0.00670749	0.01811190	0.01120251	-0.16689736	-0.02074870	-0.03118010	0.02936773	0.03979035	0.00370025	0.01291694	-0.02951468	0.06879259	-0.02060732	-0.00962402	0.06853688	-0.02100316	0.00617996	0.02945975	0.05306689	0.02003982	-0.05440931	-0.03098748	0.08032495	0.01417261	0.04439744	-0.09866958	-0.00591424	0.11017039	0.01924122	-0.04188369	0.02243588	-0.03579593	-0.01554852	-0.02159546	0.00177797	-0.02561515	-0.01698298	-0.00213756	-0.11337217	0.04160944	0.03654601	-0.01718780	-0.03763756	0.09978483	-0.03456611	-0.07399096	-0.10026491	-0.05287008	-0.08674449	-0.06851635	0.10122531	0.04275050	-0.04901164	0.08994144	-0.12061506	-0.11000490	0.07778189	0.02234238	-0.10454393	0.04394930	-0.00099757	0.07679681	0.11198645	-0.01924588	-0.00489532	-0.01584525	-0.06576908	-0.02292049	0.08523511	0.04532360	-0.01653699	-0.06616589	0.04507672	-0.04320223	0.06887881	-0.02750916	-0.01792781	-0.03172277	0.01497079	0.05590164	-0.03338889	0.09560540	0.06478859	-0.00015783	-0.08324801	0.02195837	-0.02628509	-0.08589616	0.01637559	-0.04191466	-0.09458492	-0.00033695	-0.05837918	0.00292910	0.10742053	-0.05724974	0.00068887	-0.03198334	-0.08115426	0.15006779	0.02542606	0.01124426	-0.01944759	-0.06373283	0.09454072	0.10867973	-0.03136559	-0.09941250	-0.04464881	0.01818190	-0.11591662	0.07008684	0.06317970	-0.05219179	0.00945232	0.10897736	0.04097155	-0.04440304	0.05407574	-0.04443680	0.00907736	0.10478196	0.00733689	-0.03863831	-0.00081270	0.00070294	-0.00227901	0.05288491	0.00927340	0.06898618	0.07024646	0.00148509	-0.00902995	0.08098449	-0.02796856	-0.05378021	0.02889016	0.04050176	0.07820873	-0.13091233	-0.09058471	-0.02294719	-0.01125452	-0.02894195	0.07116808	-0.08260001	0.05574206	0.02830547	-0.06905109	-0.07365251	-0.04157339	0.13190779	-0.08735775	-0.04424044	-0.09960604	-0.12566750	-0.12797149	0.06833874	-0.01590527	0.02345622	-0.03973288	-0.02704483	-0.03328397	0.01183906	0.10433182	0.05038704	0.08148862	-0.00831393	0.01202924	-0.07962755	0.02312474	-0.06979175	-0.04319306	-0.15174915	-0.16085513	0.07498869	-0.10441927	-0.09550155	0.09884620	-0.01211200	-0.05682133	-0.03295311	-0.02831997	-0.00052099	0.01094382	-0.04645745	0.07152358	0.04180081	-0.01543141	-0.01655642	0.09656971	-0.04585239	0.04709146	0.06543369	0.01844951	0.02724828	0.04460625	0.00045124	0.01459392	-0.07400423
-0.00965133	0.00873955	0.01498115	0.00656172	-0.00425556	-0.03296072	0.03629003	-0.10597687	0.03839624	0.00927542	0.01822850	0.04339607	0.01448302	0.03969116	0.07864895	-0.02615650	-0.01403803	-0.09637500	-0.15490071	-0.00470009	-0.05994468	0.01561522	0.16084212	-0.09190446	-0.10598417	0.00299608	-0.02419632	-0.13124301	-0.02457723	-0.06172034	-0.06346738	-0.02826296	0.03272055	-0.00966181	-0.00324067	0.05302900	0.00599567	0.01559639	0.12582144	0.09705965	-0.00602071	-0.02627643	-0.04750837	-0.03270072	-0.00036085	-0.05408871	-0.00246237	0.09487325	-0.04049759	-0.10654431	0.06244581	0.00501609	0.04327893	-0.08650020	-0.00585185	0.11613063	0.11073931	0.00245249	-0.01924425	-0.09403122	-0.00548462	-0.00571972	-0.02168379	0.07605424	-0.06007271	0.03343546	0.00404693	-0.14697842	0.07755183	0.00088014	0.05624433	0.05991062	-0.00311801	0.08997469	0.07657887	-0.03677564	-0.02159529	0.06751213	-0.06331091	-0.01507568	-0.00821838	0.02662562	0.02570526	0.06654831	-0.09275180	0.02548172	-0.00259099	0.04483778	0.04251343	-0.03024724	-0.00487821	-0.02967995	0.04340728	0.19091170	-0.03189213	-0.03766121	-0.03314561	0.05757653	-0.05748837	-0.06092948	0.05182616	-0.00167183	0.00975893	-0.05324008	-0.12891793	0.10505892	0.01684187	-0.01851749	0.10726380	0.10928062	-0.10570601	-0.12235184	-0.00419641	0.01765172	-0.02394336	-0.04269532	0.07023975	-0.06008915	-0.02058447	-0.05863318	-0.03665343	0.05220559	0.00339993	0.06391616	0.09211728	-0.03519841	-0.02577101	0.04059906	0.02679128	-0.05233740	-0.04488317	-0.05083510	-0.00442316	-0.02786855	-0.00690895	-0.04535963	0.01847351	-0.03439663	-0.07558949	0.10747512	-0.03598947	-0.04578230	-0.09518171	-0.02477141	0.07178268	-0.04329558	0.05481738	0.06373072	0.15630405	0.06630090	-0.01922867	-0.10876495	-0.04408832	0.14033735	0.08228535	0.05135174	-0.01555532	-0.01402046	0.00520710	0.00345956	0.02811237	-0.01299342	0.04628554	0.04025594	0.04526133	0.06599378	-0.08210983	0.00475192	0.00949172	-0.00438239	-0.01325649	0.09637199	-0.01669966	-0.09140687	-0.00832124	-0.10615427	0.00660019	0.10808615	0.01979524	0.05551820	-0.05331108	0.05240420	0.01370725	0.13798840	0.09702931	0.01895328	-0.04000207	-0.07788743	0.13886844	-0.05203881	0.03805013	0.05096650	-0.00292906	-0.09195875	-0.12718624	0.02340207	0.01317673	0.04311666	-0.04890576	-0.12426201	-0.10439670	-0.00246558	-0.05682186	0.03880117	-0.08619455	0.07334192	0.01616831	0.01849057	0.06225060	0.00560109	-0.02205664	0.04082423	-0.04054982	-0.01607467	0.05431640	-0.05443012	0.11308993	-0.03154429	-0.02094077	0.06913098	0.05818690	-0.05743003	0.04766223	0.06312670	0.06503120	-0.03168985	0.15113477	-0.00627463	0.02774874	-0.02488360	0.06457181	-0.05646984	-0.04248768	0.02912879	-0.02394803	0.08748174	0.05143394	-0.04859435	-0.03384248	-0.08043262	-0.01989820	-0.02186295	-0.02162901	-0.10136417	-0.06204293	0.01465933	0.05398373	-0.06028299	0.00207454	-0.03422054	-0.02814445	-0.03608475	-0.05588326	0.11734685	-0.06186315	0.08979917
-0.01122228	0.00727809	0.01701275	0.00443764	-0.01295455	-0.02431351	0.03234497	-0.10890853	0.04980282	0.00468369	0.01443349	0.06113781	0.01324342	0.03718304	0.07600899	-0.02965373	-0.01474503	-0.09236518	-0.16076988	-0.00873091	-0.06320794	0.01987739	0.15006736	-0.09709787	-0.10194126	0.00427666	-0.02890106	-0.13300298	-0.02173691	-0.06939364	-0.06550262	-0.02222734	0.03406912	-0.00814924	-0.00588480	0.06029712	0.00767817	0.01475872	0.12372051	0.09718858	-0.00444977	-0.02277356	-0.05607498	-0.02516780	-0.00047563	-0.05237127	-0.00577246	0.09220630	-0.02824328	-0.11293675	0.06433915	0.00635638	0.03833529	-0.09485361	-0.00259395	0.11565443	0.11037514	0.00938604	-0.02415038	-0.09002535	-0.00963947	-0.00634928	-0.02346600	0.07243854	-0.06447297	0.02787279	0.00715473	-0.15135700	0.08210386	0.00578679	0.05664564	0.05715899	-0.00808257	0.08492967	0.07655791	-0.03372194	-0.02323352	0.06676796	-0.06270920	-0.00833503	-0.01186829	0.02655527	0.02993080	0.07234504	-0.10787362	0.02376463	-0.01229053	0.04744311	0.04275117	-0.02770205	-0.00873839	-0.02784878	0.03798641	0.19460011	-0.03165277	-0.04198906	-0.03225214	0.05505996	-0.05288340	-0.06098604	0.04893240	-0.00603260	0.00248792	-0.05526033	-0.12892757	0.10175131	0.01826929	-0.02092351	0.10884018	0.10808491	-0.10312637	-0.11644329	0.00052517	0.02012408	-0.02491251	-0.03999929	0.07351024	-0.06471361	-0.02347298	-0.05316775	-0.03502583	0.05078692	0.00221768	0.05481107	0.09858108	-0.03601310	-0.02579815	0.05169480	0.01761417	-0.05257686	-0.04279539	-0.05576891	-0.00061065	-0.03489358	-0.01094719	-0.04099015	0.02382208	-0.03885724	-0.06689774	0.11593474	-0.03596635	-0.04073516	-0.08733998	-0.03689511	0.07336392	-0.04617969	0.05297460	0.05551957	0.15736867	0.06938467	-0.02269050	-0.10723802	-0.04619052	0.13685085	0.07960764	0.04055899	-0.01311731	-0.01115759	0.01507886	0.01179794	0.02899638	-0.02177675	0.04040761	0.03824636	0.04436416	0.06574907	-0.07822270	0.00355300	0.00558077	-0.00484527	-0.01186995	0.09239985	-0.01630444	-0.08916954	-0.01076148	-0.10317805	0.00360414	0.11193634	0.01891255	0.05363407	-0.05187200	0.04563059	0.00823838	0.13539062	0.09382420	0.02512210	-0.04047841	-0.07269536	0.14185880	-0.05781169	0.03437406	0.05646253	-0.00132340	-0.09017196	-0.12958977	0.01948087	0.01749325	0.03924670	-0.04425698	-0.12260839	-0.11173150	-0.00028615	-0.05863829	0.03936097	-0.08441479	0.07629567	0.01925360	0.01875663	0.06373052	0.01136831	-0.02140125	0.03904537	-0.03655098	-0.01817022	0.05281683	-0.04862472	0.11407932	-0.02681273	-0.01786134	0.06716651	0.05923015	-0.06145415	0.04914676	0.06438749	0.05749571	-0.02937046	0.15114026	-0.00706301	0.02165615	-0.02651986	0.06115381	-0.05481747	-0.04258884	0.03102726	-0.02774258	0.08312970	0.05490956	-0.05109219	-0.02761867	-0.07427175	-0.01698137	-0.02129745	-0.02539132	-0.10812592	-0.06226815	0.01386527	0.06078741	-0.06228228	0.00109770	-0.03352467	-0.02677443	-0.03723675	-0.05384981	0.10844947	-0.06230361	0.08748767
-0.00752918	0.01291039	0.01518710	0.00613309	-0.01041341	-0.02668539	0.03994133	-0.09855460	0.04109042	0.00026765	0.01546386	0.05684899	0.01406869	0.03743828	0.07174304	-0.02836588	-0.01075692	-0.08794440	-0.15146780	-0.00237309	-0.06518562	0.02195537	0.15687931	-0.09506039	-0.09926500	0.00707571	-0.02513499	-0.13550304	-0.02881668	-0.06488799	-0.06481661	-0.02108604	0.02985864	-0.01459319	-0.00402228	0.05331109	0.00059049	0.01428743	0.12627997	0.10109247	0.00029945	-0.02861146	-0.05075915	-0.03135291	-0.00030734	-0.05256301	-0.00416907	0.09641916	-0.03188713	-0.10601389	0.06061171	0.00409475	0.04015458	-0.09084638	-0.00780134	0.11392047	0.10304762	0.01115068	-0.01598250	-0.09509423	-0.00695394	-0.00615815	-0.02609729	0.07063700	-0.05742242	0.03450141	0.01449906	-0.13911495	0.07972434	0.00586607	0.05479294	0.05272720	-0.00633326	0.08865210	0.07934429	-0.03848463	-0.01655553	0.06628703	-0.06651018	-0.01366360	-0.01267225	0.02269803	0.02530649	0.06783841	-0.09859589	0.02539842	-0.00535493	0.05068344	0.04429349	-0.02220003	-0.00005322	-0.02788457	0.03803365	0.19318558	-0.03429933	-0.04473744	-0.03336388	0.05846459	-0.06553341	-0.06243325	0.04737045	-0.00476804	0.00484955	-0.04606784	-0.13067815	0.10718201	0.02029198	-0.02092593	0.11293501	0.10737795	-0.10858646	-0.11710862	-0.00487959	0.01482125	-0.02576146	-0.03673869	0.07071483	-0.05746235	-0.01860329	-0.06169970	-0.03337566	0.05018926	-0.00009897	0.06042538	0.09594254	-0.03545912	-0.02918190	0.05219460	0.02569672	-0.05310246	-0.04331966	-0.04645663	0.00241188	-0.03638845	-0.00715535	-0.03799890	0.02036658	-0.04088272	-0.07862182	0.11123625	-0.03849516	-0.04726941	-0.08586317	-0.03012555	0.07984494	-0.04826143	0.05751146	0.06826886	0.16166109	0.06680659	-0.02233795	-0.10553586	-0.04835395	0.13085286	0.08378062	0.04386405	-0.01484431	-0.01289858	0.01032753	0.00169915	0.02450346	-0.01049271	0.04010669	0.03139874	0.04290032	0.06530607	-0.08409495	0.00037932	0.00811412	-0.00360075	-0.01659439	0.09487116	-0.01654937	-0.08769826	-0.01642656	-0.11086898	0.00182945	0.10640450	0.02122571	0.05411450	-0.05294014	0.04490327	0.01191968	0.13508728	0.09473550	0.02353440	-0.04480934	-0.07237092	0.14434257	-0.05640153	0.04390258	0.05078747	-0.00367397	-0.09493620	-0.12882577	0.02543496	0.01278150	0.03245227	-0.04718643	-0.12284761	-0.10934297	0.00224744	-0.05537551	0.04043768	-0.08296683	0.07534701	0.01930215	0.01964483	0.05671039	0.01065964	-0.02072849	0.03520069	-0.03819652	-0.01828020	0.05755925	-0.05278827	0.11351547	-0.02613742	-0.01865723	0.06418979	0.06102435	-0.05324842	0.04895290	0.06436095	0.06368720	-0.03636432	0.15244056	-0.00291012	0.02750660	-0.03192849	0.05938242	-0.05082508	-0.04104393	0.02571731	-0.02466003	0.08934783	0.05886918	-0.05170393	-0.03783809	-0.07439879	-0.01764049	-0.02653904	-0.02365356	-0.10350934	-0.06825598	0.01132103	0.06023869	-0.06078716	0.00644982	-0.03605260	-0.02558500	-0.03580575	-0.06065721	0.11064636	-0.06332945	0.10258493
-0.01760453	0.01090316	0.01533961	0.00482023	-0.01391159	-0.02870549	0.03921952	-0.10752345	0.04806296	0.00852000	0.01601313	0.05668450	0.01625453	0.03229744	0.07093102	-0.02505481	-0.01276714	-0.08320827	-0.15322900	-0.00566326	-0.05758701	0.02157485	0.15474156	-0.09618943	-0.10024925	0.00582752	-0.02023156	-0.12745765	-0.02231637	-0.06544168	-0.06483380	-0.01943165	0.03525711	-0.01232984	-0.00736847	0.05827479	0.00869060	0.01668615	0.12781222	0.09440137	-0.00492333	-0.02634174	-0.05729784	-0.03020291	-0.00280703	-0.05484167	-0.00714167	0.09547927	-0.03394301	-0.11576299	0.06211039	0.00956424	0.04110961	-0.09524126	-0.00937718	0.11836373	0.10847902	0.01497526	-0.02488388	-0.09034404	-0.00293727	-0.00836850	-0.02048026	0.07439876	-0.06820057	0.02849003	0.01066141	-0.14452150	0.08415467	0.00388888	0.06072174	0.06145982	-0.00760672	0.08586260	0.07535344	-0.03441283	-0.01863210	0.06099753	-0.06515298	-0.01253602	-0.00984487	0.02686340	0.02260197	0.07246443	-0.10324546	0.02600188	-0.00601908	0.05465864	0.04387594	-0.03053945	-0.00586223	-0.02312116	0.03682398	0.19148862	-0.03222920	-0.04511843	-0.03676329	0.06086150	-0.06075230	-0.06216713	0.04868167	-0.00162339	0.00289725	-0.04866974	-0.13250870	0.10503923	0.02086256	-0.01630169	0.11209519	0.10533633	-0.10549785	-0.11494793	-0.00739453	0.01924682	-0.02089155	-0.03496920	0.07241526	-0.06182145	-0.02021745	-0.06156404	-0.03297647	0.05161280	0.00486626	0.06341881	0.09498598	-0.03362336	-0.02414042	0.04735218	0.01563428	-0.04918641	-0.04141510	-0.04861951	0.00147378	-0.03122786	-0.00172730	-0.04761198	0.02197999	-0.04002699	-0.06879485	0.11161946	-0.03911966	-0.05236332	-0.08950125	-0.02396311	0.07529160	-0.04257055	0.06150919	0.06559966	0.14988308	0.06278176	-0.02748235	-0.10797562	-0.04642874	0.12879571	0.08141517	0.04746240	-0.01637535	-0.00943289	0.01048834	0.00077563	0.02707524	-0.01153958	0.04201054	0.03741893	0.04508147	0.06409363	-0.07990025	0.00401077	0.01099579	-0.00649313	-0.01415511	0.09496164	-0.01242601	-0.09197746	-0.00873715	-0.10581608	0.00077826	0.10552225	0.02132268	0.06002848	-0.04937229	0.04752960	0.01448875	0.13638228	0.08978395	0.02067225	-0.03952663	-0.07218770	0.14394379	-0.04897884	0.03555409	0.04918830	-0.00334749	-0.09351709	-0.12798864	0.02260321	0.01608476	0.04841250	-0.04110333	-0.12066536	-0.11159769	-0.00444851	-0.06188099	0.03860782	-0.08635683	0.07423279	0.01962275	0.01529466	0.06187500	0.00717677	-0.01761951	0.04080775	-0.03073893	-0.02378860	0.05796800	-0.05939573	0.12627001	-0.02369931	-0.02235398	0.06984732	0.06511623	-0.06393812	0.05081753	0.06622618	0.05798561	-0.02565491	0.15391903	-0.00066467	0.02550587	-0.03402638	0.06009693	-0.05031649	-0.04189458	0.02980242	-0.02609308	0.07779176	0.05225466	-0.05689058	-0.02978860	-0.07511158	-0.01725242	-0.02551132	-0.02747140	-0.11014571	-0.06735123	0.01782817	0.05728116	-0.05237754	0.00247640	-0.03380569	-0.02979947	-0.03451103	-0.05001004	0.11450878	-0.05996599	0.08798810
0.01638963	-0.12136210	-0.02564644	-0.07188787	-0.00801662	0.03506564	0.03866774	-0.08391368	0.12463298	-0.03099323	0.01835172	0.06806292	-0.00056330	0.06686806	0.09678461	-0.09672000	-0.01534096	-0.08434506	-0.13420653	-0.04700167	-0.08628974	0.02200055	0.05317827	0.06856789	-0.07233761	-0.04251912	-0.00342729	-0.03721635	0.06872299	0.04572303	0.02981300	0.06074257	0.02705199	0.13397220	-0.03229539	0.12196553	0.11616354	0.09962571	0.05235208	0.05150198	-0.07527322	0.01847519	0.07527880	-0.02288174	-0.01686970	0.12914692	-0.03541943	0.11498508	0.03029370	-0.04395827	0.05499068	-0.06593489	-0.05618820	0.01361518	0.02194862	0.10138944	0.02196583	0.03560540	0.09719957	-0.03845908	0.03512624	-0.10067075	-0.09170164	-0.00159383	0.00977202	-0.03591140	0.10468350	-0.08174279	0.05029921	0.11233126	0.01396318	0.02585576	-0.04300844	0.01285205	0.10694826	-0.01659893	-0.02984299	0.04854673	-0.07424724	0.05095274	0.03481184	0.00039609	0.12723842	0.05923302	-0.02133460	0.00308774	0.01797017	0.03172444	0.06226497	0.10148813	-0.01203394	0.02692869	0.03920765	0.14881167	0.02289909	0.12121123	-0.03670544	0.01724488	-0.01157779	-0.07488868	0.06801111	-0.02094030	0.10125362	-0.00707580	-0.08917256	0.07752210	-0.05281828	0.05152271	0.12054299	0.11544209	-0.03272233	-0.06457034	-0.02829068	0.00635913	-0.01598762	-0.01402317	0.14644425	-0.08047090	0.05480453	-0.08234721	0.04818090	-0.03308458	0.01536731	0.10569126	0.07543106	-0.06563963	-0.09564433	0.03922508	-0.00735143	0.03121906	0.01151675	-0.02162317	-0.02632646	0.05795082	0.01009764	-0.01917495	0.05082032	-0.03130264	-0.02183657	0.01741219	0.07243901	-0.01082231	-0.08889546	-0.01652048	-0.00396768	0.03498237	0.12435565	0.05389431	0.09309345	-0.00898528	-0.05741902	-0.04099673	0.04885684	0.04924324	0.09977571	-0.09168267	-0.00215716	-0.04793120	0.17991926	-0.02193331	-0.00053078	-0.06207350	-0.03695431	0.00954433	0.11602504	0.07647189	-0.06992333	0.01366232	0.01147418	-0.02821419	-0.05836449	0.00678350	0.03421220	0.00198878	-0.00727375	-0.04162945	0.01046568	0.05679427	-0.05634462	0.04450649	-0.13835278	0.13314749	-0.00601539	0.06362963	0.09468479	-0.05224186	-0.07204128	-0.04003359	0.11952110	-0.06728422	0.07444236	0.04427901	-0.01174132	-0.05266707	-0.09324685	-0.06348921	0.03120539	-0.09532394	-0.04670355	0.01667319	-0.01820886	-0.05906130	-0.02588316	-0.03495885	-0.05093259	-0.01329352	0.00879648	-0.05629655	0.01981191	0.05110353	-0.01193356	-0.02052540	-0.05844057	-0.02588337	-0.08068293	-0.12219359	-0.07074939	0.03420065	-0.00489023	0.02727773	0.05384214	0.04475487	-0.02214873	0.06762295	-0.01463400	0.02398507	0.03682699	-0.06251692	-0.09156366	0.00543382	0.01903028	-0.06589811	-0.06002799	-0.00448303	0.00555752	0.14147422	0.03894579	-0.01402395	-0.00864652	-0.02269584	-0.02295792	0.00796676	-0.03045293	-0.10971397	-0.06706633	0.03180747	0.04095592	0.03151883	0.01129356	-0.00770893	-0.02658794	-0.04855775	-0.00444376	0.02952418	-0.05248075	0.06943475
0.00961199	-0.12221162	-0.02858453	-0.08680478	-0.01141172	0.03020866	0.03276934	-0.08105217	0.12069863	-0.03245070	0.01949230	0.06947308	-0.00027507	0.06605783	0.08798015	-0.09962653	-0.01653662	-0.08460902	-0.12872477	-0.04790670	-0.08335654	0.02376543	0.04942723	0.06675975	-0.07258012	-0.04746759	-0.00381507	-0.03762420	0.07880975	0.04518484	0.03097993	0.06248993	0.03731780	0.12899740	-0.03360457	0.12661436	0.11553124	0.09523603	0.04971784	0.05543277	-0.07774614	0.02252320	0.07970868	-0.02356956	-0.01785215	0.12436426	-0.04053339	0.11490098	0.03901131	-0.04360314	0.04888889	-0.06631309	-0.05435050	0.01245310	0.02153481	0.10233658	0.02300736	0.03501824	0.09549952	-0.03747467	0.03773378	-0.09880692	-0.09453942	-0.00788260	0.01366972	-0.03939002	0.11205309	-0.07700384	0.04458037	0.11480418	0.00902132	0.03345450	-0.03967899	0.01223824	0.11537260	-0.01323122	-0.02716792	0.04950787	-0.07182778	0.04608126	0.03726825	-0.00024572	0.12938838	0.05703512	-0.02267889	0.00186509	0.02136747	0.02738684	0.06584844	0.10023539	-0.01195027	0.02615715	0.04184539	0.14493258	0.02287201	0.11815904	-0.04630800	0.01858126	-0.00068625	-0.06924493	0.06107255	-0.01872746	0.10607709	-0.00756376	-0.09693508	0.08027454	-0.05164677	0.04751435	0.12016161	0.11162993	-0.03619364	-0.06348383	-0.02871505	0.00305184	-0.02454906	-0.01256444	0.15399449	-0.07831758	0.04787977	-0.08193780	0.04788396	-0.03004519	0.01563148	0.10525699	0.07683229	-0.06371236	-0.09662792	0.03607437	-0.00417651	0.03226899	0.01348334	-0.02892946	-0.02526154	0.05520706	0.00354147	-0.01960615	0.04984470	-0.04080837	-0.02729147	0.01002598	0.07799231	-0.01467366	-0.08332189	-0.01742288	-0.00876303	0.03247072	0.11825521	0.05427388	0.08529211	-0.01223408	-0.06096607	-0.03367159	0.04896028	0.04175889	0.09780165	-0.09251957	-0.00942560	-0.04852474	0.18185776	-0.02119972	-0.00189152	-0.05609465	-0.03082733	0.01103546	0.11154215	0.07935190	-0.06671273	0.01164536	0.01322598	-0.02989426	-0.06660978	0.00471748	0.03274524	0.00016814	-0.00995899	-0.04060311	0.00807759	0.05329029	-0.05224683	0.04525424	-0.14088905	0.13904440	-0.00944213	0.06423219	0.10311826	-0.05299159	-0.07064024	-0.03373158	0.11158726	-0.06844756	0.06972592	0.04268701	-0.02111482	-0.04683927	-0.10648154	-0.06402038	0.03191729	-0.10079473	-0.05351262	0.01573061	-0.02719782	-0.05680155	-0.01678493	-0.02877144	-0.04902134	-0.01448119	0.00968851	-0.05263051	0.01923691	0.04373582	-0.00841214	-0.00992654	-0.06331139	-0.02752144	-0.07262585	-0.12510246	-0.06980505	0.03643843	-0.00309970	0.03050461	0.05311156	0.04364470	-0.01741792	0.06850750	-0.01222829	0.03348302	0.03850735	-0.06241925	-0.08539007	0.00602038	0.02228402	-0.06083380	-0.05577534	-0.01367531	-0.00530495	0.13487563	0.03247216	-0.01748977	-0.00723295	-0.02902925	-0.02314183	0.01113385	-0.02797466	-0.10638859	-0.06012294	0.03176920	0.04261509	0.03331391	0.01924068	-0.00312253	-0.03632129	-0.05210833	-0.01380570	0.02870931	-0.06233089	0.07820953
0.01752264	-0.12913935	-0.02901393	-0.08043794	-0.01830511	0.02850140	0.04549615	-0.08183966	0.11703381	-0.03016850	0.01374075	0.06669835	-0.00486118	0.06475748	0.09959859	-0.09675938	-0.01438247	-0.08413545	-0.12811136	-0.04270567	-0.08575052	0.02055587	0.05199853	0.06573231	-0.07755604	-0.05104643	0.00392036	-0.04152415	0.06874999	0.04434836	0.03317358	0.05705376	0.03513926	0.12582394	-0.02869554	0.12700593	0.11204012	0.09317753	0.05278817	0.06087866	-0.07416634	0.02386532	0.08270921	-0.02616431	-0.01272422	0.12542939	-0.05066026	0.12070788	0.03670980	-0.03883427	0.05812284	-0.07114564	-0.05904330	0.01394315	0.02065347	0.09981283	0.02055907	0.03693239	0.09279305	-0.03040673	0.03416109	-0.09893475	-0.09211136	0.00095757	0.00532960	-0.04181112	0.11353986	-0.07635283	0.04263499	0.11753226	0.00879038	0.02883210	-0.04644170	0.01338167	0.10639063	-0.02027318	-0.03091830	0.04203200	-0.06514979	0.05111820	0.03255637	0.00227160	0.12374862	0.05509533	-0.02395539	0.00446512	0.01737288	0.02386724	0.05823955	0.09682667	-0.01121824	0.01832488	0.03582657	0.14846118	0.02410893	0.11847147	-0.04078026	0.01748097	-0.00103449	-0.07506357	0.05785650	-0.01422306	0.10109279	-0.01335521	-0.09459022	0.07517510	-0.04859439	0.05022820	0.11562531	0.12143267	-0.03540668	-0.06052519	-0.02884467	0.00728287	-0.02344834	-0.01112887	0.15466218	-0.08060575	0.04885256	-0.07642713	0.04251244	-0.03417103	0.00612458	0.10978290	0.07182842	-0.06667448	-0.09404453	0.03959795	-0.00205577	0.04001174	0.00849712	-0.02897838	-0.02507026	0.05490460	0.00542763	-0.02152015	0.05944120	-0.03228322	-0.02310607	0.01616916	0.07134190	-0.01183306	-0.08641942	-0.01435217	-0.00923782	0.03327496	0.11506280	0.05470818	0.09566852	-0.02008881	-0.05858481	-0.03150626	0.04804005	0.04073702	0.09579498	-0.09295413	-0.00344554	-0.04264254	0.18573575	-0.02782474	0.00345155	-0.06434217	-0.03313116	0.01283666	0.10776713	0.07564996	-0.06393980	0.01274557	0.01322318	-0.02916172	-0.05563718	0.00603774	0.03481708	0.00413379	-0.00917813	-0.04194484	0.00785084	0.05000802	-0.05720906	0.04442672	-0.14915986	0.14223114	-0.00822538	0.07029246	0.09996604	-0.06058090	-0.07573827	-0.04220897	0.10877203	-0.06796450	0.07132166	0.04459239	-0.01750939	-0.04725964	-0.09965207	-0.06575816	0.02909654	-0.09046055	-0.04655645	0.01472850	-0.02313815	-0.05434248	-0.01831441	-0.03170037	-0.04787332	-0.01111437	0.01195703	-0.05619643	0.02084232	0.04784714	-0.00942217	-0.00852016	-0.06012948	-0.02629864	-0.07248982	-0.12195875	-0.06916875	0.03671653	-0.00598443	0.03105838	0.05455513	0.04288238	-0.02368842	0.06969280	-0.01494237	0.02861656	0.03957967	-0.06740451	-0.09615655	0.00165305	0.01595323	-0.06554735	-0.06226961	-0.01070448	-0.00354926	0.14126454	0.02935771	-0.01474805	-0.00590927	-0.02437291	-0.02001562	0.00640715	-0.03224098	-0.11591106	-0.06616459	0.03296405	0.04010741	0.03220654	0.00857786	-0.00236457	-0.03235713	-0.05265094	-0.00924045	0.02604925	-0.04981084	0.07097546
0.01411348	-0.12831309	-0.02631310	-0.07735446	-0.01337489	0.02785870	0.03511556	-0.08695230	0.12196701	-0.03484456	0.01627579	0.07197075	-0.00540541	0.06822866	0.08898593	-0.10277037	-0.01628173	-0.08505542	-0.13387750	-0.04561693	-0.08824675	0.02155408	0.04779291	0.07041011	-0.07289533	-0.04900579	-0.00309474	-0.03058179	0.06776993	0.04880235	0.02987993	0.06260596	0.03439027	0.12961075	-0.02574736	0.12686449	0.11594079	0.10272530	0.04508400	0.05411364	-0.07850173	0.02161058	0.08075728	-0.02766503	-0.01587717	0.12971926	-0.04848510	0.11807570	0.02824894	-0.03886964	0.05119850	-0.07036143	-0.05567529	0.01097177	0.02428595	0.09318286	0.02012343	0.03423387	0.10054012	-0.03396981	0.03391864	-0.10113717	-0.09282279	-0.00880404	0.00910094	-0.04039458	0.11624175	-0.07609694	0.04751327	0.10977183	0.00093023	0.02991114	-0.03781395	0.00450451	0.11211480	-0.01652131	-0.02571034	0.04024547	-0.07191680	0.05236143	0.03918853	-0.00064646	0.12368783	0.06107923	-0.02293936	0.00470761	0.01756482	0.02662720	0.06307409	0.10677624	-0.01169214	0.02399657	0.04086842	0.14898472	0.02590025	0.11843798	-0.04411454	0.02262370	-0.00501017	-0.06810988	0.06433471	-0.01218770	0.09515399	-0.00823754	-0.09394066	0.07092758	-0.04753660	0.04680394	0.11860946	0.11138631	-0.03567832	-0.05702389	-0.03210211	0.00840226	-0.01976404	-0.01269444	0.14953008	-0.06706181	0.04454158	-0.08234356	0.04648961	-0.03176633	0.00572666	0.10844132	0.07546812	-0.06299805	-0.09499101	0.03637567	0.00278235	0.02716273	0.00798785	-0.02450426	-0.02270536	0.06118294	0.01101901	-0.01820176	0.05669430	-0.03258929	-0.02062248	0.01138021	0.07707234	-0.02221322	-0.08283549	-0.01931471	-0.00592360	0.02974054	0.11629371	0.06119656	0.08999033	-0.01697915	-0.05469572	-0.04522839	0.05046168	0.05029194	0.10438890	-0.09625910	-0.00587774	-0.04882295	0.17822491	-0.02359047	0.00121950	-0.06512081	-0.03647881	0.01206748	0.11771645	0.07261976	-0.06049197	0.00538288	0.01161982	-0.02930370	-0.05562628	0.00524947	0.03468499	0.00109017	-0.00803542	-0.04349157	0.00913096	0.05186351	-0.05611848	0.04734552	-0.14672342	0.14142931	-0.00701618	0.06687011	0.10040165	-0.05091714	-0.07252093	-0.04143709	0.11195274	-0.07366563	0.07169324	0.04948848	-0.00967183	-0.04807229	-0.09708831	-0.06283860	0.02779701	-0.09864767	-0.05166268	0.01621605	-0.02194425	-0.05484121	-0.02161638	-0.02984745	-0.04363661	-0.01108749	0.01330927	-0.05498089	0.01502749	0.05008547	-0.01592548	-0.01235224	-0.05381586	-0.01999172	-0.07459453	-0.12373737	-0.06822985	0.03506366	-0.01101775	0.02675157	0.05770488	0.03265305	-0.02389426	0.06506676	-0.01324915	0.02182835	0.03850434	-0.06225131	-0.09396315	0.00378539	0.01600998	-0.07010642	-0.05809606	-0.01164975	-0.00218532	0.13897236	0.03562031	-0.02058370	-0.00442298	-0.03158573	-0.01905309	0.00265387	-0.03060299	-0.10659263	-0.07075264	0.03551302	0.03624886	0.03264950	0.01349032	-0.00064196	-0.03456740	-0.03852703	-0.00983551	0.02434677	-0.05063063	0.07722190
0.04356603	0.03814710	-0.02557186	-0.04143646	0.03473670	-0.05121659	-0.03008564	-0.02725883	0.02450152	-0.12387184	0.10949803	0.09726240	0.01741095	0.05834890	0.00463721	0.00217652	0.03832527	0.03501512	-0.06741048	-0.03642398	-0.04930766	-0.01078655	0.13953578	-0.01533945	-0.02484876	0.03063693	0.00190615	-0.02375141	0.06711248	-0.06764613	-0.01021796	-0.00011746	-0.04879741	0.06218914	0.00742571	0.01534651	0.11281321	-0.05714304	0.06385005	0.01018780	-0.03407405	0.08584394	-0.12409109	-0.12846784	-0.10152667	0.08524177	-0.01676232	0.01431215	0.01473087	-0.05464197	0.01275875	-0.00552404	-0.02982167	-0.06225935	0.03860526	0.03952604	0.12151314	0.03348905	-0.03210261	-0.11296460	-0.01175344	-0.01007996	-0.02237387	0.02412002	-0.02830113	0.07635716	-0.01874157	-0.08500255	0.12186662	0.00520504	0.08584549	0.13307591	0.07127466	0.08586890	-0.04695741	-0.06003384	-0.08243496	0.01470869	-0.02650683	0.04956655	-0.00162319	-0.04302123	0.04732702	0.00366728	-0.08606749	0.08983569	-0.09343442	-0.00907691	0.16295080	-0.03733345	-0.04355774	-0.02904013	0.04376456	0.18921462	0.02977980	0.10046442	-0.08672313	0.01444408	-0.00365898	-0.00444066	0.00833787	0.00813227	-0.11515582	-0.08888029	-0.00397538	-0.02912476	-0.11452085	0.06008309	0.07177771	0.05295932	-0.00151142	-0.08417057	-0.02125840	-0.00931238	-0.08343764	-0.07857537	0.01201342	-0.02303861	-0.07599375	-0.05931590	0.00637924	0.03553598	-0.03378328	0.02784146	0.09273501	-0.04313681	-0.00328506	-0.08718428	-0.08286744	0.07279917	0.09345208	-0.11990150	0.00373565	-0.01575807	-0.12265776	0.12687671	0.00943562	-0.01138231	-0.05869204	0.08198766	0.04576061	0.02329657	-0.06725250	0.00618875	0.01389458	-0.00846308	0.05445573	-0.08054833	0.06486634	-0.00679481	-0.04176272	-0.04994155	0.02830454	0.11381862	-0.02392491	0.02709137	-0.04070424	0.02463821	0.03536606	0.03916892	-0.01378941	0.03678386	0.08424311	-0.02046390	-0.01144012	-0.01348472	-0.07097626	-0.02066926	-0.03293518	0.03086601	0.00452154	0.00236078	-0.01487572	-0.11464139	-0.01877574	-0.12761700	0.00164008	0.00058333	0.03908199	0.01010978	0.01278107	0.10151523	0.08358242	0.10484920	0.14960794	0.00498214	-0.00339088	-0.07908560	0.06686936	0.04473193	0.05772712	0.06454290	0.01920565	0.04370129	-0.13799287	-0.04476189	0.04767944	-0.07197398	-0.02689166	-0.09339333	-0.08935329	0.05367616	0.05834933	0.03852122	-0.05218754	-0.01476811	0.02692754	0.03450114	-0.02080449	-0.02727238	0.06479763	-0.02428992	-0.14499861	-0.08033114	-0.01793267	-0.15058818	0.00029840	-0.03770493	0.00255944	-0.07413168	-0.01023835	-0.02257948	0.07502723	-0.00817697	0.01636090	0.09122412	0.10542446	-0.04621229	-0.02956258	-0.06659264	0.04101928	-0.00755571	-0.02066130	0.01940578	0.09584017	0.06870242	0.04621591	0.00837198	0.05198107	-0.04806665	-0.01150064	-0.00895961	-0.05467909	-0.07989256	-0.06254120	-0.02330860	0.03371801	-0.05553586	0.11276244	0.02567460	0.03536797	-0.07709710	-0.04627450	0.04649039	-0.08288518	0.08702697
0.04532612	0.03546189	-0.02461676	-0.03603207	0.02184762	-0.05469325	-0.03080923	-0.03240853	0.02238352	-0.12226214	0.10140999	0.09275314	0.01697065	0.05831248	-0.00043535	0.00316906	0.03093527	0.03235641	-0.06861911	-0.03615376	-0.05310749	-0.00907441	0.14649443	-0.00150896	-0.02703574	0.02868737	-0.00667821	-0.02907183	0.06724431	-0.06408686	-0.00320625	-0.00236824	-0.04943614	0.06408375	0.00436609	0.01801813	0.10755736	-0.04951132	0.06067099	0.01390543	-0.03044114	0.09225620	-0.12511063	-0.13206778	-0.09899009	0.08494726	-0.01441274	0.00812943	0.01509832	-0.05505235	0.01085344	-0.01599096	-0.02460142	-0.05773338	0.04215283	0.04403051	0.12049162	0.03858497	-0.03425847	-0.10507637	-0.01218216	-0.00830636	-0.02226728	0.01757592	-0.01719155	0.08347274	-0.01668793	-0.09026979	0.12397692	0.00529212	0.09232943	0.12511472	0.08222342	0.08302928	-0.04664863	-0.05707272	-0.08072241	0.00903982	-0.02283787	0.05014164	-0.00780124	-0.04046442	0.04660219	-0.00321494	-0.08586539	0.09005880	-0.09781939	-0.00611024	0.16075726	-0.03203281	-0.04028115	-0.02754582	0.04768144	0.19122359	0.02725806	0.10756543	-0.07982554	0.01400185	0.00036146	-0.00818039	0.00146938	0.00377777	-0.12194286	-0.09039669	0.00042400	-0.03156324	-0.10938153	0.06152940	0.07471786	0.04783042	-0.00400687	-0.08014628	-0.01326222	-0.00779833	-0.08930691	-0.07032922	0.01028276	-0.02236211	-0.07404643	-0.06113623	0.00751074	0.03854838	-0.04239013	0.02467433	0.08604768	-0.03191894	-0.00708596	-0.08993725	-0.07992958	0.07325772	0.09109275	-0.12176852	0.00052664	-0.01835565	-0.12474366	0.12312825	0.00834353	-0.01344480	-0.05542194	0.08266338	0.04769208	0.02089115	-0.07308906	0.00625388	0.00611237	-0.01687501	0.05795819	-0.08567606	0.06961611	-0.01039605	-0.04217915	-0.04966802	0.03363020	0.11761109	-0.02234413	0.03380155	-0.03570830	0.02873452	0.03473932	0.03850982	-0.01030216	0.02864419	0.08938294	-0.01322071	-0.00768768	-0.01193427	-0.07847761	-0.01547593	-0.02767281	0.02814887	0.00458194	0.01188901	-0.01002469	-0.10561810	-0.02349878	-0.11934968	0.00821321	0.00652226	0.03874368	0.01645163	0.01134764	0.09434944	0.07965283	0.11241334	0.14868157	-0.00389242	-0.00069532	-0.07993492	0.06591016	0.03833576	0.05821904	0.05714298	0.01022668	0.05210315	-0.13947633	-0.04587665	0.04364981	-0.07329746	-0.03168775	-0.09235512	-0.09978180	0.04650255	0.05199307	0.04781105	-0.04882436	-0.02333413	0.02308165	0.03107871	-0.01891399	-0.02602115	0.06750739	-0.03254462	-0.14263597	-0.08774173	-0.02176535	-0.15760712	-0.00271245	-0.02727293	0.00003220	-0.07332142	-0.01026160	-0.01602520	0.07460710	-0.01037601	0.01477110	0.08425259	0.10762414	-0.04662875	-0.03461924	-0.06800891	0.04353153	-0.00224195	-0.02595656	0.03026144	0.09282680	0.07275296	0.04216409	0.01282085	0.05361626	-0.04768861	0.00328583	-0.00716789	-0.05058186	-0.08680141	-0.06434669	-0.01851804	0.03324521	-0.05743872	0.11210781	0.03299687	0.03498906	-0.06915072	-0.04599104	0.04295105	-0.08705309	0.09159895
0.04089005	0.03279538	-0.02172945	-0.03622982	0.02621787	-0.04944177	-0.03133762	-0.02992585	0.02392859	-0.11950719	0.10534365	0.09680154	0.02021560	0.06202275	0.00723214	-0.00674663	0.03566455	0.03793023	-0.06872772	-0.03273935	-0.04749852	-0.01396399	0.14442734	-0.01040267	-0.02567339	0.02581088	-0.00994250	-0.02981335	0.06999170	-0.06929077	-0.00495876	-0.00884125	-0.05172411	0.06791447	0.00617844	0.01169684	0.10662869	-0.05500918	0.06446514	0.01431533	-0.03434732	0.08764237	-0.12131960	-0.12709995	-0.10140891	0.09185955	-0.02432729	0.01072191	0.01092178	-0.04688167	0.01603098	-0.01009184	-0.02671138	-0.06187150	0.04800005	0.04011678	0.11131990	0.04218146	-0.03174379	-0.10770586	-0.02218172	-0.01069724	-0.02278243	0.02377268	-0.02375811	0.07714873	-0.01902016	-0.08585731	0.12606680	0.00205885	0.08670664	0.12530406	0.07367579	0.08715011	-0.04732793	-0.06555480	-0.07844528	0.01422649	-0.02347681	0.05133108	-0.00502735	-0.05010017	0.04785527	0.00262063	-0.08639365	0.09050564	-0.10131361	-0.00148146	0.15839852	-0.02475695	-0.04205143	-0.03098827	0.04609435	0.18107130	0.03520308	0.10308640	-0.08706395	0.01081122	-0.00568577	-0.00590799	0.00719629	0.00341837	-0.12411654	-0.08819645	-0.00093356	-0.03456887	-0.10982145	0.05924559	0.07957231	0.05138957	0.00472015	-0.08131607	-0.01694291	-0.00404235	-0.09021538	-0.06905814	0.01658722	-0.01922243	-0.07577956	-0.05278139	0.00893063	0.03605044	-0.03772552	0.02498902	0.09372334	-0.03867667	-0.00976259	-0.08354499	-0.08408858	0.07251547	0.09567931	-0.11696272	0.00482628	-0.01386394	-0.11827253	0.13011038	0.00818937	-0.01184049	-0.05353102	0.09081092	0.04905449	0.01683350	-0.06929804	0.00240905	0.00657787	-0.01210004	0.06111459	-0.08868153	0.06848172	-0.00485392	-0.04235124	-0.04613256	0.03397619	0.11598654	-0.02506967	0.02213804	-0.04296358	0.02884664	0.03586489	0.04103911	-0.01406171	0.03254557	0.08795005	-0.01948279	-0.00741031	-0.01044898	-0.07639352	-0.00907089	-0.03214684	0.03029484	0.00335188	0.01389494	-0.01507012	-0.10268608	-0.02116441	-0.12174200	0.00873673	0.00579777	0.03498195	0.01798354	0.01455881	0.09996198	0.08375367	0.10784598	0.14850710	0.00072804	0.00111179	-0.07930326	0.07158148	0.04036440	0.05134465	0.05467645	0.01875374	0.05154857	-0.13552763	-0.03878866	0.04633918	-0.08052941	-0.03061237	-0.09112876	-0.09489521	0.04796171	0.05127248	0.04536052	-0.04471659	-0.02109190	0.02083255	0.03417384	-0.01942187	-0.02289687	0.06551791	-0.02732623	-0.14076020	-0.08327276	-0.02868121	-0.15112036	-0.00343912	-0.03576631	0.00349847	-0.07153668	-0.01266702	-0.02198426	0.06943580	-0.00818971	0.01357439	0.08461294	0.10815486	-0.04341770	-0.03620205	-0.07022999	0.04283348	-0.00510514	-0.03233448	0.03181150	0.09634384	0.08058149	0.04945799	0.00736193	0.05114937	-0.04743001	-0.00533753	-0.01039296	-0.05053402	-0.08922319	-0.06361732	-0.02976652	0.03785505	-0.05718637	0.10736482	0.03204717	0.03198586	-0.08317504	-0.04987640	0.04410482	-0.09069066	0.09065301
0.03202337	0.03718279	-0.02575578	-0.04301052	0.02820159	-0.05256123	-0.03230120	-0.03969020	0.02044910	-0.12005191	0.10051942	0.09726239	0.01325448	0.05911528	0.00214017	-0.00328878	0.02948841	0.03568870	-0.06949990	-0.03468274	-0.04154686	-0.00962091	0.14330395	-0.01345068	-0.03403150	0.03400110	-0.00616857	-0.02773146	0.06990176	-0.06606273	-0.00853057	-0.00276919	-0.05281165	0.06769454	0.00565384	0.01349402	0.11278500	-0.05568618	0.06143297	0.00955265	-0.03475446	0.08955763	-0.12767075	-0.13540730	-0.09515043	0.08226562	-0.02777730	0.01546839	0.01490594	-0.05855516	0.01239680	-0.00286595	-0.02785615	-0.05985175	0.04223188	0.04211056	0.12355735	0.04139258	-0.03587732	-0.10838863	-0.01021749	-0.00419169	-0.02402972	0.03242279	-0.02366989	0.08002391	-0.01578490	-0.09545203	0.12404373	0.00095167	0.08779238	0.12785153	0.07528526	0.08786616	-0.04676037	-0.05309753	-0.08005284	0.00557240	-0.03166737	0.05219558	-0.00539391	-0.04353386	0.05306681	0.00800302	-0.08732788	0.09246845	-0.09115557	-0.00317797	0.16234583	-0.03765886	-0.03535428	-0.02309241	0.04795597	0.18462659	0.03274906	0.10750513	-0.08184981	0.01290454	-0.01109127	-0.00911647	0.00277371	0.00472870	-0.11946445	-0.08656137	-0.00563145	-0.03082529	-0.11043487	0.05917960	0.07807864	0.04579259	-0.00108728	-0.07909333	-0.01968716	-0.01096248	-0.08469810	-0.07128917	0.00568106	-0.01809131	-0.08305605	-0.06363118	0.01411308	0.03366531	-0.04175398	0.03043231	0.08899575	-0.03896236	-0.00205192	-0.08275970	-0.08495053	0.07435521	0.09333450	-0.11357106	0.00009176	-0.01689996	-0.11951886	0.12529971	0.00918411	-0.01412101	-0.05551567	0.08680848	0.04303704	0.01848788	-0.06818823	0.00394288	0.01132057	-0.01580924	0.05838637	-0.08842816	0.07175213	-0.00215687	-0.04560460	-0.04884158	0.02688077	0.10903780	-0.01563921	0.03034480	-0.04014459	0.02560391	0.03756223	0.04124684	-0.02135044	0.03082629	0.07663808	-0.02221030	-0.01588786	-0.01143635	-0.07387210	-0.00925821	-0.02885401	0.03197886	0.00581708	0.00871444	-0.02111663	-0.10854455	-0.02641216	-0.12549575	0.00449205	0.00263541	0.03614641	0.01200135	0.01193903	0.09836104	0.08207032	0.10129649	0.14712875	0.00022160	0.00207753	-0.07430638	0.06738175	0.03963729	0.06385887	0.05488150	0.01707019	0.04764928	-0.13655812	-0.03423551	0.04702061	-0.06912843	-0.02901347	-0.09472843	-0.09734949	0.05121255	0.05472629	0.04340784	-0.05428678	-0.01717761	0.02449966	0.03288480	-0.02131181	-0.03127367	0.06197535	-0.03175260	-0.14152487	-0.08297694	-0.01982833	-0.14940377	0.00091379	-0.03532117	0.00342242	-0.07603455	-0.01350246	-0.02312377	0.07911100	-0.01028497	0.01930550	0.08493313	0.10299820	-0.04462009	-0.03960823	-0.06700278	0.03654101	-0.00011285	-0.02435170	0.02703473	0.09408387	0.07265475	0.04640599	0.00913519	0.05132438	-0.04487535	-0.01099812	-0.00211709	-0.05794828	-0.08629566	-0.06612176	-0.02423436	0.03211624	-0.06378133	0.11215099	0.02752390	0.03846110	-0.07202942	-0.04498031	0.04192825	-0.09112065	0.09871258
-0.00918543	-0.03247308	0.03571150	0.01156518	0.00902002	-0.02101890	0.03465677	-0.06390145	0.02959758	-0.10406982	0.11853717	-0.04003007	0.07429162	0.14379628	0.07929195	-0.07273867	0.01659343	-0.02662589	-0.13881835	-0.07917643	-0.03341458	0.01422500	0.10130028	0.03337068	-0.03863934	-0.06151381	-0.00240733	-0.09361904	-0.03363192	-0.03570946	0.01886799	0.08790302	-0.01650251	-0.02728709	0.06157758	0.08727311	-0.00724303	0.03515543	0.08378992	0.02868693	-0.09872292	-0.05516713	-0.11632480	-0.07251186	-0.04796952	0.05093944	-0.00994434	0.02938459	0.09160980	-0.11299540	-0.04662402	0.02157555	0.01802496	-0.03638592	0.04454971	0.11519028	0.12676978	0.04886750	0.00853352	-0.00786001	-0.03367668	-0.06187975	-0.02909452	0.05183342	-0.06655489	0.04480275	0.03829904	-0.20600970	0.01836919	0.05988827	0.03269624	-0.00303158	0.00276303	0.05787314	0.04614010	-0.05594837	-0.04158768	0.05950794	-0.16723645	0.01735855	0.00386878	-0.00710538	0.07162180	0.02200554	-0.01350073	0.02599463	-0.06244367	0.04874219	0.08709296	0.01434088	-0.08403994	0.06647067	-0.03035131	0.10207324	0.01096664	0.06853689	0.02666485	0.02404410	0.01742531	0.04856481	0.05310109	-0.02916656	0.03330566	0.05603529	-0.12705995	0.06291924	-0.00073428	0.11509418	0.07144717	0.03649711	-0.04265003	0.02243748	-0.04144561	0.08316632	-0.05415244	-0.00825724	0.07171607	-0.08987620	-0.04688543	-0.03170302	0.01899694	-0.00413726	0.07607490	-0.01164315	0.11867927	-0.12919900	-0.06635320	0.00880371	-0.03366158	0.09775270	0.00751361	-0.03243753	-0.02603210	0.02674520	0.05274127	0.00329450	0.04105945	-0.10777658	0.05845221	0.08447961	0.00400665	-0.00654502	0.05510099	-0.10523155	0.06290719	0.01368610	0.00085223	0.01798193	0.09857996	-0.05876989	-0.05273575	0.01155134	0.02077475	0.13500471	0.10237214	-0.06946023	-0.10431258	0.07781029	-0.02341880	-0.04318635	0.00610243	0.03493849	0.03854412	-0.03988162	0.02173938	0.06838494	0.05533630	-0.01376589	-0.00013571	0.00786147	-0.02423905	0.12265521	-0.06830049	-0.08684762	-0.02912784	-0.06147752	-0.07538906	-0.00442137	-0.01101584	-0.03094687	-0.07123453	0.08557574	0.01698260	0.07339773	0.13041419	-0.04894977	-0.10385389	-0.09565897	-0.04310820	-0.03305818	-0.00181653	0.02606114	0.01265900	0.06358540	-0.03919061	0.03241119	0.09813319	-0.02465476	-0.08251908	-0.05206631	-0.04705697	-0.10599840	0.01868372	0.03980802	-0.04601204	0.01793584	0.01808648	0.00963164	0.13076521	0.09678429	-0.02169542	-0.10757976	-0.02303552	-0.03058856	0.03919521	-0.16028832	-0.00725222	0.02960836	0.02442303	-0.03721842	0.03633375	0.00033182	0.06458360	-0.04426948	-0.01209624	0.01836065	0.12280314	0.03076920	-0.04234070	-0.05149106	0.05719061	-0.02006269	-0.06089458	0.03694397	0.12920710	-0.02156956	0.03492143	0.02866982	0.02611333	-0.07417604	-0.02586590	0.06165465	-0.01028071	-0.09611863	-0.05955860	0.05551727	0.08692286	0.01054229	0.06511071	0.03684684	-0.03913951	-0.05060526	-0.01111809	0.00800753	-0.09366944	0.03812173
-0.01494066	-0.03161484	0.03663812	0.01648612	0.00813144	-0.02415124	0.03276178	-0.06904144	0.03260968	-0.09621123	0.12193877	-0.04076336	0.07701214	0.14724548	0.07788409	-0.06474547	0.00207743	-0.02150921	-0.13471505	-0.08924056	-0.03591553	0.01445858	0.10547686	0.03299914	-0.03618108	-0.06921475	-0.00452001	-0.09766334	-0.03031369	-0.03114041	0.02247458	0.08833978	-0.01740055	-0.02203386	0.05381482	0.08324672	-0.01367402	0.03930109	0.08027048	0.04017212	-0.10557526	-0.05514856	-0.11385026	-0.07233457	-0.04229890	0.05303778	-0.01638306	0.03444094	0.09552864	-0.11420521	-0.04427911	0.01986496	0.01476515	-0.02797925	0.03814470	0.11631542	0.12628427	0.05073075	0.00696778	-0.00983165	-0.03715861	-0.06105551	-0.02749288	0.04921690	-0.07103013	0.03992860	0.04649876	-0.20061944	0.01706389	0.06619742	0.02817132	-0.00227431	-0.00241751	0.05251044	0.04525148	-0.05621370	-0.05485086	0.06110787	-0.17368250	0.01477494	0.00771689	-0.00606797	0.06794851	0.02145905	-0.01240905	0.02503428	-0.06377257	0.04238363	0.08035027	0.00885693	-0.08296478	0.06648068	-0.03432432	0.09927723	0.01196951	0.06949904	0.02379986	0.02723759	0.01971129	0.04958906	0.04680723	-0.03370940	0.02813403	0.05507239	-0.12299317	0.06131454	0.00393634	0.11424898	0.07055297	0.03279754	-0.04959677	0.02110677	-0.04704856	0.08470538	-0.04843102	-0.00167930	0.06090997	-0.08441483	-0.04093052	-0.03942806	0.01300586	-0.00018983	0.08612809	-0.01048340	0.11395464	-0.12943463	-0.06534012	0.01068483	-0.03008608	0.10044412	0.01551705	-0.03288565	-0.02063571	0.02177029	0.05708891	0.00410006	0.04848055	-0.10857496	0.05594349	0.08084796	0.00033377	-0.00686904	0.05236607	-0.09906786	0.07224353	0.00603258	0.00370648	0.02262302	0.10163274	-0.06078634	-0.04956473	0.01160780	0.02392225	0.12033724	0.10228086	-0.07246251	-0.10246669	0.07481217	-0.02065109	-0.04454618	0.00176179	0.02740339	0.03684102	-0.04360736	0.02437475	0.06255221	0.05131268	-0.01358480	-0.00199880	-0.00048494	-0.02419877	0.12776874	-0.06934265	-0.07988793	-0.02496242	-0.06094740	-0.06617954	-0.00484764	-0.00956494	-0.03376753	-0.07745141	0.08788176	0.01560681	0.07858800	0.14143519	-0.05267330	-0.10724996	-0.10608777	-0.04729477	-0.04109978	0.00266174	0.02246655	0.01260456	0.05822471	-0.03586321	0.03771690	0.09685724	-0.02549295	-0.08581082	-0.05123987	-0.04880287	-0.11159952	0.01681591	0.03139311	-0.04518529	0.02460461	0.02000546	0.01076266	0.13206841	0.09056150	-0.02355061	-0.10063587	-0.02725776	-0.03591376	0.03587683	-0.15660912	-0.00272934	0.02918313	0.02171687	-0.03828042	0.04020307	-0.00091714	0.06088446	-0.04415635	-0.01107007	0.02574644	0.12395311	0.03217513	-0.04759456	-0.05003393	0.05985154	-0.02303523	-0.06265220	0.02632167	0.13460006	-0.02280268	0.03982549	0.03063017	0.02256787	-0.07261447	-0.02905685	0.06298414	-0.00569126	-0.08910589	-0.05953599	0.05834395	0.08300622	0.00119778	0.06319748	0.04057827	-0.04127049	-0.05622575	-0.00860883	0.00959446	-0.09361278	0.02829193
-0.00903298	-0.03163755	0.03676816	0.01316233	0.00388160	-0.02134612	0.03765875	-0.06279323	0.02617201	-0.10390202	0.12208743	-0.03290794	0.07569896	0.14424603	0.08080732	-0.06454502	0.00995828	-0.02636938	-0.13922797	-0.08376581	-0.03252171	0.00981317	0.11131773	0.03549526	-0.03706557	-0.06204069	-0.00212016	-0.09316423	-0.03147867	-0.04106788	0.01716958	0.08687694	-0.01921560	-0.02675040	0.05260459	0.08519137	-0.00207592	0.03797403	0.07969339	0.03477298	-0.10912789	-0.05620946	-0.11094293	-0.06306762	-0.04303089	0.04734991	-0.01896496	0.03257990	0.09574218	-0.11371903	-0.04281966	0.02265613	0.01934626	-0.03533627	0.03578657	0.11616717	0.11817142	0.05694373	0.00737382	-0.00633429	-0.03406968	-0.06317677	-0.02689287	0.04310015	-0.07426032	0.04180029	0.04507151	-0.20492861	0.01352292	0.06686776	0.03096886	-0.00085500	0.00206349	0.05151085	0.04569866	-0.05553827	-0.05170910	0.06341122	-0.18280305	0.01750147	0.00853458	-0.00498389	0.07249963	0.01675298	-0.01040605	0.02626672	-0.06014673	0.04216610	0.08602516	0.00897128	-0.08347120	0.06370927	-0.03269444	0.10267729	0.01168707	0.06818597	0.02566579	0.02990668	0.01425409	0.05331204	0.05807926	-0.03360017	0.03289840	0.05641827	-0.12120087	0.06306379	0.00316307	0.11724421	0.07357104	0.04134556	-0.04704349	0.02483056	-0.04398520	0.08787824	-0.05266562	-0.00001562	0.06243488	-0.08985612	-0.03498420	-0.03707900	0.01406440	-0.00112282	0.07821649	-0.01307416	0.11170856	-0.13701001	-0.06454396	0.01670258	-0.03096972	0.10414630	0.01439369	-0.03322769	-0.02452665	0.02578295	0.05458914	0.00173350	0.04877593	-0.10897196	0.06138790	0.08205520	0.00218750	-0.00205591	0.05250625	-0.09489084	0.06657261	0.00687640	-0.00203602	0.02672101	0.09689227	-0.06215796	-0.05496257	0.00995790	0.02162798	0.13756853	0.09406219	-0.07431801	-0.09913386	0.07413600	-0.01749727	-0.04014053	0.00407835	0.03088536	0.03357151	-0.04091119	0.02255723	0.06892497	0.04831428	-0.00375833	-0.00267218	0.00336975	-0.02219729	0.11855274	-0.06423194	-0.08136149	-0.02123389	-0.05913983	-0.07569095	-0.01005155	-0.00001162	-0.03838957	-0.07370667	0.08440130	0.01674550	0.07588888	0.13653506	-0.04712466	-0.09904206	-0.09683648	-0.04027313	-0.03529266	-0.00528542	0.02006332	0.01405584	0.05752140	-0.04601150	0.02826919	0.09437535	-0.02290799	-0.08724920	-0.06108959	-0.04866273	-0.10546705	0.01407590	0.03516704	-0.04986685	0.01793646	0.01860224	0.01312273	0.13502799	0.09749980	-0.01626485	-0.10158059	-0.03161004	-0.03148596	0.04201544	-0.15027916	-0.00713912	0.02939154	0.02198526	-0.03478289	0.03831979	0.00148009	0.06401426	-0.05432469	-0.01084506	0.01769693	0.13310847	0.02636259	-0.04169288	-0.04021322	0.04959165	-0.02361305	-0.05910097	0.02531987	0.13119550	-0.01912550	0.04395312	0.02837719	0.03345827	-0.07719938	-0.02586687	0.05815430	-0.00526534	-0.08488926	-0.06217350	0.05437382	0.09080450	0.00831602	0.06340617	0.03652855	-0.04147670	-0.05264859	-0.00650008	0.00444174	-0.09607708	0.02930527
-0.00562545	-0.03354320	0.03750057	0.01417785	0.00500370	-0.02378140	0.03144617	-0.06620974	0.03241368	-0.09905243	0.12227752	-0.03406895	0.07545450	0.14446700	0.07597593	-0.06742021	0.00755420	-0.03338872	-0.13897699	-0.07971539	-0.03164193	0.01421348	0.10346086	0.02798253	-0.03569631	-0.06228654	-0.00116435	-0.09361944	-0.03345336	-0.03108652	0.02190028	0.08686280	-0.01882988	-0.02741658	0.05020498	0.08391038	-0.00853951	0.03294005	0.08437243	0.03381734	-0.10479134	-0.05774840	-0.11213350	-0.06413404	-0.04489053	0.04046260	-0.01238468	0.03324161	0.08899671	-0.11526762	-0.04073223	0.02322128	0.01815172	-0.03512790	0.04167970	0.11705466	0.12448551	0.05821402	0.00698082	-0.00516560	-0.03414923	-0.06462546	-0.03410276	0.05505233	-0.07071758	0.03941314	0.04913368	-0.20302027	0.01759514	0.06289629	0.02710349	-0.00357651	0.00506648	0.05939060	0.04206048	-0.06144515	-0.04822210	0.05649744	-0.17475395	0.01540426	0.00147784	-0.00845690	0.07397225	0.02293047	-0.01395172	0.02289490	-0.05841048	0.04301975	0.08388080	0.01180704	-0.07440002	0.07206503	-0.03000046	0.10454749	0.01000067	0.08124101	0.03278997	0.01899076	0.02610749	0.04336334	0.05254518	-0.03784566	0.02466472	0.05553271	-0.12537301	0.06061944	0.00361083	0.11561491	0.07316374	0.04091475	-0.04250105	0.03223740	-0.04674619	0.08767783	-0.04855617	-0.00367627	0.06799677	-0.08834879	-0.03462460	-0.03594568	0.01411399	0.00406301	0.08207671	-0.00785682	0.11135918	-0.12983587	-0.06796860	0.01920181	-0.03689380	0.10160626	0.02159905	-0.04028031	-0.02424143	0.01858514	0.06192938	0.00879975	0.04905539	-0.11067453	0.06093485	0.08410150	0.00135667	0.00300830	0.05652739	-0.10341534	0.06800269	0.00964127	0.00555249	0.01777066	0.09983064	-0.05579387	-0.05576365	0.01436726	0.02206120	0.13332464	0.09357238	-0.07615008	-0.10023302	0.08083967	-0.01923371	-0.04202492	0.00799363	0.03006185	0.03446398	-0.03799256	0.02029409	0.06671713	0.04831642	-0.00876081	-0.00212220	0.00949604	-0.02197996	0.12388242	-0.07035395	-0.08002798	-0.02460707	-0.05737760	-0.07094403	-0.01103739	-0.00599021	-0.03591327	-0.07530767	0.09234588	0.01476433	0.07784518	0.13367762	-0.04407505	-0.10290004	-0.09745445	-0.04154385	-0.04016169	-0.00022220	0.02517387	0.01415816	0.06005535	-0.03861590	0.03517044	0.09932935	-0.02119274	-0.08640306	-0.05008785	-0.05226721	-0.10306110	0.00864546	0.03200578	-0.05063211	0.01809117	0.01408209	0.00961495	0.13134831	0.09500579	-0.02161744	-0.10681436	-0.02672053	-0.04317349	0.04187417	-0.14848092	-0.00223873	0.02827505	0.02126020	-0.03998059	0.03334748	0.00023826	0.06679575	-0.05056316	-0.01582884	0.01838592	0.12591714	0.02728074	-0.04361885	-0.04846339	0.05961631	-0.02498583	-0.05630906	0.03049437	0.12590298	-0.02117779	0.03999189	0.02458038	0.02823226	-0.07046972	-0.03046687	0.06429338	-0.00211098	-0.09067498	-0.06045649	0.05834068	0.09423982	0.00600087	0.06657887	0.03828895	-0.04471561	-0.04830220	-0.00386599	0.00579478	-0.09059658	0.03701131
0.01030588	0.06259047	-0.09474135	0.03113302	0.02428291	-0.01011371	-0.02990916	-0.04006049	0.01137312	-0.02370505	-0.04347933	0.02095580	0.00042699	0.01379021	0.00751727	-0.01039036	0.08349467	-0.08955694	-0.03318788	0.01888752	0.08684741	-0.15052813	-0.06647653	-0.12015235	-0.04379678	0.02358546	0.11787160	0.04494096	0.01573979	-0.07318327	0.02524476	-0.10375289	-0.05805416	-0.08828633	0.08837825	-0.04243463	-0.07562451	0.05828708	0.14955914	0.02538925	0.05920115	0.07159991	0.01528205	-0.04339980	0.01244262	0.05704758	0.03072356	-0.03571024	-0.01494986	0.09514384	0.11568672	-0.01895649	0.00650208	-0.12497259	-0.04707243	-0.07615743	-0.03285580	0.06318615	-0.01180473	0.00598283	0.02745945	-0.04467446	0.01605917	-0.05951274	0.01424621	0.04165051	-0.10997932	-0.03328970	0.03151970	-0.05259970	-0.03830010	0.05171277	-0.15877597	0.11770779	0.10376118	-0.03342183	-0.08818343	-0.03114615	-0.12709235	0.04727331	-0.09161451	0.05710061	-0.00317830	-0.02950143	-0.05782377	-0.03804303	-0.02829642	0.07831857	0.03666487	-0.00099747	0.12737650	0.11169976	-0.10347967	-0.01024604	-0.03095769	-0.02188450	-0.04653532	-0.09537810	0.14224821	-0.06942250	0.02239425	-0.03656979	-0.08820477	-0.15606695	0.10543361	0.08099445	-0.09592070	-0.01687572	0.02966171	0.00112518	0.04949640	0.08239558	-0.01385927	-0.02071123	-0.04844023	-0.11385792	-0.01355592	0.05097741	0.00453198	0.10344198	0.05860862	-0.05294430	0.12475945	-0.00195610	-0.01163071	0.04868255	-0.10077858	-0.03160237	0.01465029	-0.11669023	0.06527991	-0.02800510	-0.00522536	0.09068390	0.00622747	-0.00190758	0.06057514	-0.06935309	-0.09001266	-0.04389849	0.09096494	-0.01606343	0.02306910	0.05389465	-0.01191692	-0.10667709	0.04419410	-0.08548997	0.01348074	-0.09970881	-0.03917830	-0.06514614	-0.03155433	-0.02730175	-0.01853511	-0.05808761	-0.04642330	-0.03983567	0.08511451	0.04563843	0.01513584	-0.01306190	-0.07123560	-0.00096946	0.01669165	-0.09915760	-0.01206514	-0.08867707	0.01268808	0.06556194	-0.08889496	-0.05691324	-0.09973156	0.03724041	0.03429851	0.00330425	0.06071712	-0.07483098	-0.02171490	0.03575345	0.00016888	0.01455585	0.07838153	-0.02759851	0.05312080	-0.10728332	0.03491784	0.01679619	-0.01544717	-0.00522213	-0.01696531	0.01054634	-0.01374999	-0.02514446	0.05862723	-0.00310884	0.03847384	0.00509922	-0.04449150	-0.05529225	0.02506845	0.00241293	-0.07371283	0.00412129	0.04222355	0.03116896	0.00074952	-0.07114720	0.04179777	0.02269432	0.04328420	-0.11427779	0.07434411	0.02494831	-0.04680931	-0.02575482	-0.05703168	0.06833976	-0.01692751	0.13009477	0.02625144	0.08072940	-0.09052876	0.04481084	-0.01314482	0.04198949	-0.06149319	-0.08339462	0.08548065	-0.04412792	-0.06978235	-0.00827368	0.01253864	-0.06262688	0.04446550	0.02702325	-0.02000716	0.09444031	-0.00977464	0.00393440	0.07211745	-0.01374213	0.09649330	0.08665746	0.02457312	-0.12063961	0.04776793	0.09728753	-0.06351615	0.00480285	-0.04191663	0.02395508	0.01117716	0.13526945	-0.00016820	0.03066480
0.00989634	0.05701930	-0.09029745	0.03613311	0.03235396	-0.01447235	-0.01748687	-0.04202659	0.01878333	-0.02441244	-0.04468697	0.01637860	0.00023240	0.01218036	0.00303925	-0.01155867	0.08424596	-0.08984757	-0.03240871	0.01372114	0.09002588	-0.14417522	-0.06876812	-0.11539076	-0.03961620	0.02400438	0.11435507	0.04888610	0.02175731	-0.07458139	0.02736500	-0.11043309	-0.06190416	-0.08542922	0.08646687	-0.04987470	-0.07641508	0.05713633	0.14769925	0.02229004	0.06548732	0.07309426	0.02327583	-0.04446238	0.00581760	0.05614447	0.02762163	-0.02982128	-0.01963294	0.09107674	0.10545254	-0.01980551	0.00060226	-0.13204074	-0.04774123	-0.07821689	-0.03151286	0.06052355	-0.01298241	0.00987910	0.02632786	-0.04772798	0.01333688	-0.05250496	0.01982262	0.03825972	-0.11365998	-0.04154108	0.02898921	-0.05492864	-0.04343662	0.05275669	-0.15976188	0.12453949	0.10220957	-0.03599575	-0.08933872	-0.02405806	-0.12832299	0.03976656	-0.09822405	0.06003541	-0.00316132	-0.02699085	-0.05524217	-0.03477745	-0.02169545	0.08357024	0.03033558	-0.00034261	0.12436430	0.11727133	-0.10112727	-0.01810745	-0.03597169	-0.01855203	-0.04609529	-0.08926407	0.14216892	-0.07908871	0.02525177	-0.04664475	-0.07975003	-0.16000843	0.10123760	0.07885695	-0.08558373	-0.01232538	0.03324325	0.00531593	0.04740829	0.08179314	-0.01624153	-0.02243331	-0.05202142	-0.11035820	-0.00839172	0.05243855	0.00694798	0.10347444	0.06361075	-0.05467562	0.12392087	-0.00666569	-0.01794024	0.04996642	-0.10115641	-0.02919978	0.00936667	-0.12196705	0.06546655	-0.03449153	-0.00420295	0.09010642	0.00667834	-0.00419096	0.06057061	-0.06708068	-0.08378972	-0.04371930	0.08228397	-0.01557683	0.01836842	0.04704688	-0.02049679	-0.11281455	0.04250092	-0.08310986	0.01812925	-0.10006268	-0.04754362	-0.06392768	-0.03291839	-0.02426958	-0.02196400	-0.05283885	-0.04802429	-0.03345264	0.08427626	0.04828007	0.01295835	-0.00969598	-0.07650897	0.00098171	0.01432796	-0.10054331	-0.01398629	-0.08336933	0.01793786	0.07080393	-0.09138871	-0.05911765	-0.10203834	0.03977816	0.03317194	0.00539280	0.05801437	-0.07571407	-0.01970810	0.03024178	-0.00257877	0.01017216	0.08022882	-0.02790143	0.06133932	-0.11341776	0.03882933	0.01799127	-0.01412592	-0.00247996	-0.01392397	0.00467511	-0.01336346	-0.02239751	0.05425854	-0.01029044	0.03263123	-0.00057152	-0.03783776	-0.05068948	0.02031196	-0.00253355	-0.07056312	0.00439092	0.03788776	0.02178507	-0.00688378	-0.07659976	0.04018209	0.01510293	0.04931872	-0.11294343	0.07166337	0.02843838	-0.05940992	-0.01979199	-0.05328758	0.06618268	-0.01289940	0.13099554	0.01973887	0.08458669	-0.09048178	0.03300642	-0.01894163	0.04151505	-0.06340545	-0.08392276	0.07825837	-0.04877375	-0.06209810	-0.00777460	0.01836332	-0.06815670	0.04793293	0.02062620	-0.02247392	0.09015586	-0.01349588	0.00615153	0.07487534	-0.01827909	0.10014292	0.08576117	0.02054877	-0.12693959	0.04522047	0.09967288	-0.05729257	0.00883441	-0.04551456	0.02167895	0.01269612	0.12844165	-0.00390118	0.04137082
0.00658468	0.05962097	-0.09563883	0.03138954	0.03357608	-0.01100118	-0.02630861	-0.04416062	0.01960833	-0.01227265	-0.03856461	0.02437781	0.00627263	0.00702272	0.00586114	-0.01299584	0.08770946	-0.08670598	-0.03823039	0.02151224	0.09264657	-0.14770795	-0.06333359	-0.11999766	-0.04169917	0.02184765	0.11075784	0.04725723	0.01979877	-0.07128495	0.02775338	-0.11609865	-0.05817195	-0.08509999	0.08534451	-0.04494349	-0.06937454	0.06101231	0.14135477	0.01774982	0.06970045	0.06762233	0.01457671	-0.04182495	0.00960043	0.05955467	0.03298803	-0.03213013	-0.01879366	0.09090159	0.11178422	-0.02000780	0.00012715	-0.12829243	-0.05010843	-0.07368263	-0.03639821	0.06415785	-0.01512941	0.00674292	0.02494987	-0.04680958	0.01322494	-0.05006906	0.01232215	0.04075883	-0.11627553	-0.03545762	0.03474148	-0.06637261	-0.03760824	0.05223059	-0.16126835	0.12674998	0.10271004	-0.02768302	-0.09039044	-0.02849932	-0.12305333	0.04617216	-0.09294491	0.06025961	0.00197991	-0.01617285	-0.05643406	-0.03532852	-0.02754675	0.08045606	0.03784618	-0.00847922	0.12938394	0.11086561	-0.10264789	-0.02082242	-0.03531886	-0.02361748	-0.04783319	-0.09262887	0.14049600	-0.07780420	0.02535316	-0.04491022	-0.08940504	-0.16219500	0.10939799	0.08218836	-0.08328149	-0.00675218	0.03347688	-0.00286528	0.05039103	0.08611573	-0.01867241	-0.02314904	-0.04963627	-0.10623863	-0.00339404	0.05167700	0.00997274	0.10449032	0.05216967	-0.05227217	0.12212466	-0.00413682	-0.01486065	0.04787596	-0.09451182	-0.03018111	0.00877788	-0.11558204	0.06475280	-0.03052626	-0.01008936	0.09656498	0.00217920	-0.00328924	0.05858013	-0.06395542	-0.07919919	-0.03821591	0.08878266	-0.01650293	0.02182300	0.05010514	-0.01020035	-0.11797724	0.03888070	-0.09271488	0.01603678	-0.10221310	-0.04381385	-0.07187603	-0.03046996	-0.02403969	-0.01428845	-0.05559225	-0.04721409	-0.03778123	0.08410275	0.04484980	0.01407307	-0.01292220	-0.07542102	-0.00175131	0.01884785	-0.10109336	-0.01016765	-0.08997313	0.00984401	0.06467179	-0.08838100	-0.05754356	-0.09567930	0.03444881	0.03234062	-0.00251244	0.05027422	-0.07194280	-0.02416546	0.02806562	-0.00207521	0.00984640	0.07612709	-0.02347004	0.06314854	-0.11226543	0.03939688	0.01311105	-0.02047051	-0.00718317	-0.01084347	0.01187561	-0.01666923	-0.01894301	0.05841197	-0.00859009	0.03914475	0.00394782	-0.03994119	-0.05514667	0.02767971	0.00030644	-0.06638318	0.00687218	0.03659000	0.03469362	0.00280690	-0.07314406	0.03430912	0.01185753	0.04632156	-0.10862090	0.06936636	0.03283910	-0.05818120	-0.02416063	-0.05156577	0.05670321	-0.00894327	0.13269071	0.02280852	0.07855356	-0.09093980	0.03812769	-0.00816475	0.04126889	-0.05984541	-0.07437705	0.07986077	-0.04194808	-0.06334426	-0.00968582	0.02600530	-0.07063065	0.04403668	0.02157909	-0.02400676	0.09756213	-0.01139580	0.00763936	0.07138599	-0.00940892	0.10262334	0.09221624	0.02216754	-0.12787311	0.04824579	0.10258375	-0.06603413	0.00793431	-0.04851514	0.02885213	0.01584704	0.12632273	-0.00525662	0.03525501
0.00830273	0.06168139	-0.08838326	0.03303161	0.02359730	-0.01380565	-0.02157954	-0.04390729	0.01573632	-0.01787452	-0.04582621	0.01969663	0.00615191	0.00770654	0.00837468	-0.00930487	0.08038484	-0.08234217	-0.03704317	0.02473655	0.09328741	-0.15258586	-0.06904051	-0.11988655	-0.04019786	0.02160983	0.11096245	0.04477372	0.01557124	-0.07407483	0.01912995	-0.10572810	-0.05824753	-0.09286820	0.08750327	-0.04871726	-0.07413636	0.06396159	0.14594127	0.02316071	0.05939838	0.07076927	0.01530730	-0.04724408	0.00792796	0.05477374	0.03435241	-0.03411385	-0.01518862	0.09496002	0.11113785	-0.01822232	0.00205995	-0.12968443	-0.04610693	-0.07417202	-0.02982746	0.05132632	-0.00920816	0.01062206	0.02378520	-0.04710353	0.02561417	-0.05249876	0.00963351	0.04941931	-0.11355811	-0.03578366	0.03186166	-0.06620021	-0.04071248	0.05826158	-0.15315472	0.12084982	0.10318659	-0.03447529	-0.09590667	-0.03052978	-0.12389901	0.04344746	-0.09222965	0.05805917	0.00395547	-0.02211516	-0.05656515	-0.03265408	-0.02529397	0.08303238	0.03528393	-0.00175375	0.13212895	0.10523473	-0.10576972	-0.01690477	-0.03365553	-0.02429492	-0.04814343	-0.09321369	0.13610806	-0.08000332	0.02450995	-0.04924813	-0.08803823	-0.15930748	0.11175852	0.07791715	-0.09164402	-0.01762194	0.03138603	0.00276144	0.04607648	0.08558004	-0.01157125	-0.01842332	-0.05178817	-0.11258245	-0.00787087	0.05055120	0.00025252	0.09834731	0.06501561	-0.06469447	0.11953766	-0.00461028	-0.01613569	0.05386472	-0.09557009	-0.03151596	0.01591743	-0.12463137	0.06032139	-0.03313377	-0.00624635	0.09337754	0.01160491	0.00457135	0.05874924	-0.06253256	-0.08550086	-0.04138445	0.08893524	-0.01342215	0.02263393	0.05248942	-0.01395374	-0.11132228	0.04589114	-0.08720683	0.01593787	-0.09967434	-0.03992349	-0.07127535	-0.02692857	-0.01623773	-0.01537289	-0.05182270	-0.05181931	-0.03335460	0.08418315	0.04330958	0.00983586	-0.01628508	-0.06628415	-0.00652513	0.01886472	-0.09880266	-0.00612278	-0.08597861	0.01053227	0.06408510	-0.09342743	-0.06488216	-0.09947594	0.04133017	0.03320961	0.00125435	0.04789526	-0.07587564	-0.02188169	0.03543856	0.00082941	0.01246545	0.08061970	-0.02422099	0.06123007	-0.10686571	0.03867244	0.01446485	-0.01807470	-0.00885382	-0.01463250	0.01171817	-0.01678505	-0.02445935	0.05747400	0.00019746	0.03303078	0.00678113	-0.03995555	-0.05576913	0.02673609	-0.00086520	-0.06549919	0.00466617	0.03511532	0.03139062	-0.00070996	-0.07205288	0.04216203	0.02168556	0.04488969	-0.11592774	0.07726144	0.02923978	-0.05463692	-0.02353697	-0.05269492	0.05863938	-0.01628865	0.13238595	0.02164380	0.08342866	-0.08382566	0.04140026	-0.01594145	0.04474625	-0.05889984	-0.07633985	0.08088914	-0.04651227	-0.06785672	-0.01263587	0.02108991	-0.06802327	0.05035668	0.02611374	-0.02034856	0.09626674	-0.01369679	0.00831868	0.07888448	-0.01454240	0.09797144	0.08632638	0.02844721	-0.12680505	0.04540080	0.09633862	-0.05785267	0.01018466	-0.04559410	0.02578753	0.01779673	0.12713870	-0.00017964	0.02872798
0.04025244	-0.00784271	-0.00019262	-0.02473664	-0.02988495	0.05551797	0.13962728	-0.08428455	0.02682368	-0.06790926	-0.08640741	0.08594091	-0.00579742	0.02966844	0.00138363	-0.06906461	0.01213337	0.02142446	0.10332107	-0.02573143	0.06113807	0.00284891	-0.03220517	-0.12888227	0.06933415	0.01731154	0.08938345	-0.05093551	-0.06132819	-0.13046750	0.03095450	-0.07026712	0.00919482	-0.00442685	-0.09825408	-0.09551626	-0.11012823	-0.01616503	0.10682886	0.02612631	-0.09133348	-0.03944708	0.00300654	0.15213001	0.00448042	0.08216640	-0.03409751	-0.04580102	-0.04118316	0.08084659	0.07343104	-0.02497719	0.11132546	-0.08669741	0.00997030	-0.05970801	0.05597056	-0.01538387	-0.00128958	-0.04032878	0.02769538	-0.08363452	-0.02305439	-0.03476792	-0.07833678	-0.02229988	-0.09621184	-0.10147130	0.01745327	-0.03640119	-0.06697003	0.05390567	0.00088675	0.06671510	-0.02314336	0.02482191	0.00143404	0.05530995	-0.11018176	0.04333086	-0.00301214	-0.10650242	-0.07559703	-0.08559565	-0.11743653	-0.08433205	0.04053664	-0.01924755	-0.07397072	-0.08222781	0.12606193	-0.10319977	-0.14055742	0.04489981	-0.04712492	-0.03946799	-0.02771908	-0.02420375	0.09950729	-0.07639171	0.04647937	0.02443174	-0.12608822	-0.08981489	-0.01328017	0.02739666	0.01995365	0.01120617	-0.00296531	-0.12008832	-0.00799795	0.00780361	-0.13417824	0.09196097	0.04866214	0.05731995	0.02383450	0.05701320	0.09315601	-0.02585801	0.02211726	-0.05715040	0.08563719	0.00150291	-0.06930433	0.04034122	-0.06826571	-0.02622720	-0.01549777	-0.09903058	0.03347287	-0.02864089	0.00963177	0.14875013	0.05475014	-0.04953802	0.06956414	-0.11099360	0.00036272	0.00392408	-0.03499459	0.03855168	0.03840270	-0.05498855	-0.02840035	-0.06532745	0.05647942	-0.10959015	0.00742483	-0.05533081	-0.02036247	-0.05356631	-0.00464320	-0.02478287	-0.08509415	-0.05596488	0.01565043	0.08558072	0.09159888	0.12015372	0.02474667	0.01790493	-0.08067767	-0.03140553	-0.05723062	-0.08513348	0.01723958	0.00599256	-0.04146441	0.05911484	-0.05924241	-0.03108996	-0.09359079	0.05541000	-0.03288554	0.07383309	0.04560902	-0.09913681	0.03391302	-0.07315698	0.07031938	-0.00004682	0.01501432	-0.01946938	0.08214080	-0.07130722	-0.02732949	0.01551376	0.06164740	-0.04782147	-0.03803696	0.11167066	0.02434226	-0.02663831	-0.00113215	-0.00866949	0.07277075	-0.00292040	0.00747469	-0.04606613	0.10510911	-0.10858917	-0.05963596	-0.03938740	-0.02190012	-0.00734500	-0.01761821	-0.12002276	0.02846175	-0.02816533	0.08293875	-0.06742261	0.05435326	-0.02041386	-0.01782583	0.05250460	0.00309265	0.03036983	0.13873534	0.07312990	-0.04492333	-0.10900128	0.00935709	-0.00061599	-0.02749094	0.03673536	0.02784329	-0.08628209	0.01911501	-0.03995322	-0.00014373	0.01141029	0.04944143	-0.05249511	0.05514181	0.03237664	-0.02911556	0.09337748	-0.01398549	-0.03851952	0.04755806	-0.02802165	0.09248341	-0.02390840	0.10833046	-0.02934473	0.01035022	0.00788583	-0.02682918	0.03329991	0.03203925	0.03964793	-0.08664203	0.08618224	0.01849772	0.06640136
0.04179325	-0.00888852	-0.00059016	-0.02759716	-0.02980578	0.05589441	0.14421363	-0.08203023	0.03019856	-0.06823274	-0.08294527	0.08788059	-0.01243625	0.03524655	0.00056895	-0.06918056	0.00702623	0.01251354	0.10712019	-0.02212180	0.06958248	0.00960663	-0.02927046	-0.12262852	0.07677832	0.02051528	0.09163029	-0.04229650	-0.05844953	-0.12542674	0.02232478	-0.06101104	0.01039950	0.00178293	-0.10551332	-0.10230372	-0.11618441	-0.01207472	0.10034142	0.02441804	-0.09035005	-0.03230443	-0.00249672	0.15456820	0.00967371	0.08077656	-0.02914026	-0.05071525	-0.04740509	0.07987162	0.07388121	-0.03466554	0.11660600	-0.08946797	0.00236458	-0.05608067	0.06048299	-0.01275183	-0.00533406	-0.04764521	0.02162520	-0.08163301	-0.01809959	-0.03579022	-0.07808651	-0.03041337	-0.09686729	-0.10194510	0.02475874	-0.03961803	-0.06261954	0.05208753	-0.01105494	0.07770248	-0.02151228	0.02336098	-0.00061744	0.05542437	-0.10833566	0.03863088	-0.00615436	-0.10025918	-0.07046956	-0.08564670	-0.11990985	-0.08464762	0.04154441	-0.01960139	-0.06505989	-0.08078516	0.12946963	-0.10311561	-0.13791153	0.04130793	-0.05002804	-0.04436045	-0.03243934	-0.02665234	0.09591512	-0.06947813	0.04319005	0.02592162	-0.12720867	-0.09666394	-0.01810838	0.02803751	0.02506782	0.00894850	0.00004907	-0.11657717	-0.01594123	0.00792384	-0.13514476	0.08832366	0.04744289	0.05631999	0.02097173	0.05880668	0.09717729	-0.02502135	0.02449039	-0.05883679	0.08378963	0.00803509	-0.06293692	0.04319649	-0.05925715	-0.02925828	-0.02291589	-0.10018056	0.02109933	-0.02076044	0.01111415	0.14537686	0.05218063	-0.04554609	0.05946923	-0.10378465	0.00467112	-0.00048518	-0.03561259	0.03790685	0.03543963	-0.05493568	-0.02518082	-0.06939465	0.05470563	-0.10985081	0.00941262	-0.05471752	-0.02084872	-0.05254930	-0.00314142	-0.02735941	-0.08116791	-0.05488043	0.02001412	0.09376671	0.09514563	0.10872571	0.03229595	0.02550707	-0.08644120	-0.03091677	-0.05486301	-0.08364880	0.01648078	0.01222467	-0.04799037	0.05897999	-0.06286918	-0.04010879	-0.09450327	0.05144124	-0.03012649	0.07729044	0.04215321	-0.10059987	0.03938495	-0.08016279	0.07278079	0.00111969	0.02046934	-0.02016415	0.07972179	-0.07715622	-0.02541394	0.02429067	0.05908248	-0.05126553	-0.03947030	0.10535103	0.02505311	-0.02407715	0.00749193	-0.00492457	0.07909820	0.00838463	0.00093297	-0.04015941	0.10661063	-0.10879009	-0.05756315	-0.03702957	-0.02430319	-0.00349276	-0.02598613	-0.12854007	0.03041467	-0.01973611	0.08216608	-0.06649662	0.05953117	-0.02325357	-0.02662472	0.05246710	0.00909364	0.02474870	0.13403803	0.06571377	-0.05083724	-0.10709982	0.01216778	0.00416568	-0.02090109	0.02926657	0.02602165	-0.09376543	0.02006646	-0.03789059	0.00532069	0.00662339	0.04420600	-0.04947856	0.05496396	0.03930589	-0.02290733	0.09226277	-0.02207988	-0.04192367	0.03821764	-0.01888627	0.09796979	-0.01341316	0.10203543	-0.04001394	0.01481941	0.00978344	-0.02982367	0.03668391	0.03726608	0.03939494	-0.08852497	0.08421561	0.01392149	0.06124056
0.04229989	-0.01163757	-0.01114502	-0.03059199	-0.03032715	0.05931112	0.14294331	-0.08256429	0.03017060	-0.06567758	-0.08368328	0.08688147	-0.00934176	0.02988880	-0.00314032	-0.07208965	0.01401621	0.01825820	0.10985452	-0.01968923	0.06458930	0.00093587	-0.03287460	-0.13236602	0.07968450	0.01485260	0.09377497	-0.04639180	-0.06007383	-0.13026446	0.02545370	-0.06964683	0.00549687	-0.00040790	-0.09870192	-0.10227907	-0.12299392	-0.01287725	0.10871078	0.01705934	-0.08821442	-0.03651755	-0.00152714	0.15169424	0.00396674	0.08507929	-0.03162120	-0.05053574	-0.05255065	0.07782310	0.07390556	-0.02353798	0.11983358	-0.09302340	0.00692952	-0.04889379	0.05949167	-0.01434536	-0.00200914	-0.04645999	0.02727099	-0.07767202	-0.01881815	-0.04665136	-0.07949138	-0.02221266	-0.09715236	-0.09411346	0.01543352	-0.03955923	-0.06526176	0.05070064	-0.00968080	0.08146315	-0.02860175	0.02165976	-0.00198825	0.04518555	-0.10394865	0.04816148	-0.00266845	-0.09939889	-0.07719717	-0.08254490	-0.11672296	-0.09041077	0.04342004	-0.01731800	-0.07351520	-0.07806017	0.12810048	-0.10300174	-0.13721883	0.04383737	-0.04833698	-0.04089177	-0.02832082	-0.03039089	0.10054920	-0.07769103	0.04176727	0.01978288	-0.12202221	-0.09389716	-0.01504006	0.03057646	0.01903186	0.01140314	-0.00055361	-0.11685104	-0.01667178	0.00501809	-0.13060969	0.08812702	0.04305081	0.06004588	0.01675397	0.05954392	0.09218752	-0.02523388	0.02544305	-0.05816086	0.08413962	-0.00095139	-0.06997323	0.03970412	-0.05870788	-0.03237990	-0.01635418	-0.10138890	0.03115359	-0.01787247	0.00379340	0.15379053	0.04527031	-0.04961652	0.06394681	-0.10334598	-0.00478555	0.00797293	-0.03356589	0.04108542	0.04149066	-0.05415543	-0.03310688	-0.07252021	0.05050989	-0.10714007	0.01210356	-0.05757716	-0.02236522	-0.04811481	0.00325628	-0.02166557	-0.08779435	-0.05701057	0.02141933	0.08978849	0.09317248	0.11374800	0.02523106	0.02139116	-0.07952333	-0.02766727	-0.05436148	-0.08341315	0.01499893	0.00672695	-0.03670201	0.05847238	-0.05726441	-0.03346311	-0.09467597	0.04984954	-0.02785104	0.07687160	0.03949812	-0.11042222	0.03591325	-0.07838581	0.07099923	0.00488461	0.02194176	-0.01940399	0.07855525	-0.07580003	-0.01913961	0.02552838	0.06319937	-0.05132431	-0.03591934	0.10324214	0.03056797	-0.02892401	0.00050233	-0.01273468	0.06939746	0.00199663	0.00785716	-0.04536374	0.10851247	-0.09986108	-0.05758785	-0.03533525	-0.02098386	0.00031972	-0.01800964	-0.12634911	0.02795416	-0.01992325	0.07631949	-0.06527423	0.05469720	-0.01975207	-0.02368275	0.05048681	0.00570844	0.02856850	0.13012666	0.07278024	-0.04481922	-0.10909076	0.00561137	0.00104520	-0.02567436	0.03487018	0.02895996	-0.09297595	0.02185330	-0.03441234	0.00847362	0.00097128	0.04968427	-0.04948965	0.05802855	0.03772099	-0.02914495	0.08939656	-0.01894321	-0.04170816	0.04058253	-0.02105700	0.09619604	-0.01102943	0.10502714	-0.02977443	0.01914757	0.01057764	-0.02600391	0.03978366	0.03523643	0.03620823	-0.08765823	0.08619359	0.01442489	0.05612664
0.04646613	-0.00867680	-0.00876829	-0.03275494	-0.03358131	0.05541020	0.14444450	-0.08287497	0.02501605	-0.06386126	-0.07886335	0.08606007	-0.00867970	0.03605441	0.00802817	-0.07946520	0.01372971	0.01914663	0.11089798	-0.02311775	0.06102066	0.00375102	-0.03660592	-0.12432732	0.07235353	0.01807688	0.09258907	-0.04440100	-0.05908028	-0.12538908	0.03087837	-0.07246694	0.00842558	-0.00193209	-0.10177875	-0.09586774	-0.11753035	-0.01645403	0.10193405	0.02246987	-0.08952808	-0.03816972	-0.00208078	0.15735599	0.00746704	0.07995936	-0.03949624	-0.04704432	-0.05057025	0.07568523	0.07534035	-0.02766231	0.11297565	-0.08926060	0.01461015	-0.05738827	0.06354029	-0.01500588	-0.00370390	-0.04114155	0.02062735	-0.08158652	-0.01360566	-0.03354322	-0.07923336	-0.02377208	-0.09743083	-0.10535461	0.02299173	-0.03897937	-0.06010725	0.05292298	-0.00899534	0.07382604	-0.02505436	0.02214083	-0.00203144	0.05260731	-0.11025387	0.04435161	-0.00752253	-0.10274435	-0.07444741	-0.08002824	-0.11721745	-0.08381186	0.03981460	-0.01544204	-0.07697923	-0.08132955	0.12550747	-0.10729845	-0.14229940	0.04905540	-0.04428044	-0.03930432	-0.02885493	-0.02794167	0.10282563	-0.07657971	0.04635156	0.02355008	-0.12942953	-0.08469013	-0.01159919	0.02454107	0.02221005	0.01108305	-0.00712859	-0.11989517	-0.00853075	0.00394469	-0.13102624	0.08486863	0.04455535	0.05597484	0.01775428	0.06680194	0.08647297	-0.02499442	0.02646600	-0.05242407	0.08210254	-0.00020596	-0.06678520	0.04102019	-0.06069693	-0.02860283	-0.02523067	-0.09280016	0.03154996	-0.02482837	0.01487914	0.15014069	0.04398802	-0.04935148	0.06524486	-0.10808416	-0.00341874	-0.00211859	-0.03695144	0.04494974	0.04388979	-0.06172018	-0.02620917	-0.06804364	0.05144365	-0.10634568	0.01389626	-0.05610660	-0.02316307	-0.05499684	-0.00607690	-0.02255975	-0.08228396	-0.06066474	0.01784061	0.09495308	0.09677520	0.11641461	0.02283479	0.02024368	-0.07736183	-0.02778910	-0.05669161	-0.08309825	0.01014668	0.00475833	-0.03811756	0.06328249	-0.06412540	-0.03478357	-0.09034719	0.05185807	-0.02724889	0.07763378	0.04433207	-0.10848892	0.03446897	-0.06979481	0.07470204	-0.00114468	0.01912876	-0.01468976	0.08236432	-0.07180686	-0.01882545	0.02361932	0.05982630	-0.05883009	-0.04385635	0.09184150	0.02632370	-0.02842742	0.00144629	-0.01229555	0.07715364	0.00471509	0.00562775	-0.04223204	0.10995945	-0.10486718	-0.06017668	-0.02589307	-0.02214797	-0.00479368	-0.01724676	-0.12244708	0.03057486	-0.02076271	0.07970078	-0.05682514	0.05230995	-0.01925463	-0.02676947	0.05182445	0.01677955	0.02386769	0.13183014	0.07279889	-0.05055212	-0.11276850	0.01316713	0.00937879	-0.02491395	0.02701368	0.03010663	-0.09071619	0.02104633	-0.03460310	-0.00416356	0.00944908	0.04957473	-0.05490798	0.05380598	0.03802667	-0.02687496	0.09215942	-0.01626465	-0.04241060	0.04531218	-0.01777659	0.09858663	-0.01588103	0.10293412	-0.03932505	0.01332253	0.00831613	-0.02778831	0.02840349	0.03152340	0.03900387	-0.08823839	0.08982599	0.02204661	0.06151415
0.03252665	0.06156753	-0.06629249	0.09969133	0.04077592	0.07256062	0.05906606	-0.12371889	0.05103611	-0.15603727	-0.03878543	0.09455112	0.00011843	0.07989112	0.04246123	-0.00794450	0.06708050	-0.04823662	0.12473679	0.00652469	0.02385869	-0.02997049	-0.01432380	-0.15260300	0.05264875	0.06423863	0.01166560	0.01430276	0.08593716	0.00069774	0.01911744	-0.10264996	0.05701103	-0.11959897	0.02262402	-0.05208516	-0.00262360	0.05536476	0.11062835	0.04129689	-0.01957914	0.06287397	0.08815164	-0.01100347	-0.04383964	-0.00335466	-0.02329889	-0.06466842	-0.08475506	0.11000168	0.11912850	-0.02324303	-0.01660741	-0.05786452	0.01421400	-0.07297444	0.08851829	0.07676656	0.03623754	0.11433351	-0.01735703	-0.05147929	-0.11070951	-0.05401804	-0.02420453	0.02890212	0.01152879	-0.05558309	-0.03981401	-0.09353055	-0.10520513	-0.02870880	-0.03730195	-0.01181748	-0.00690184	0.09543713	0.01290235	-0.03226827	-0.17132872	-0.02145480	-0.00089891	0.04445110	-0.05960664	-0.06413875	0.01174151	-0.04335080	0.02178595	0.07294184	-0.05543528	-0.06069204	0.12015758	0.08442759	-0.06829087	-0.04034993	-0.10832692	-0.05199020	-0.06850070	-0.07807095	0.13091528	-0.08410879	0.09859878	0.09822098	-0.00224278	-0.16501366	0.00104313	-0.06816658	0.01044500	-0.05757590	0.00915952	0.11623145	-0.07705217	0.00926868	0.02472524	-0.01075204	-0.09272444	-0.03866521	0.10544690	0.04107600	0.01021370	0.02039943	0.09783358	-0.10959747	0.06638763	-0.04289361	-0.07565679	0.01485084	0.05331004	-0.03932602	-0.03015405	-0.08425131	-0.03538653	-0.03123328	0.02992059	0.16463330	-0.00055463	0.05002398	0.07098677	-0.13415079	-0.00127212	0.00962644	-0.02440977	0.00567522	-0.03780238	-0.04066741	0.04110988	-0.06741700	-0.01209162	-0.05074792	0.09431500	-0.06905793	0.06130242	-0.02049356	0.03435528	0.05342920	-0.01025292	-0.00736211	0.00565814	-0.03311322	0.12358531	0.02492680	0.01121207	0.02442718	-0.04710667	0.01005001	-0.00238954	-0.09610098	-0.01430187	0.02079452	0.00979155	0.02268418	-0.00992395	-0.00124025	-0.03684858	0.06869414	0.02434572	-0.02582285	-0.00208160	-0.05462413	-0.07804186	-0.10964350	0.04538729	0.05316838	-0.01672925	-0.03062691	0.00772842	-0.05694806	0.00462012	0.09565863	0.02497711	-0.00308733	-0.11861377	0.09995470	-0.03074581	0.00731635	0.00604903	0.04969420	-0.03385280	-0.01747084	-0.07809471	0.01891484	0.04210348	-0.02926566	-0.17095327	0.01718217	0.04998042	-0.01540052	0.02520575	-0.01524064	0.08808290	0.02485181	0.04503046	-0.01166452	0.08051243	0.06273533	-0.00790914	0.02040184	-0.06428824	0.02396681	0.05000626	0.03101025	-0.03166742	0.12412948	-0.00140846	0.00115245	-0.00769045	0.01041099	-0.05835473	0.02665705	0.05747195	-0.02005416	-0.05437296	0.05837910	0.06315285	-0.04523382	0.10131786	-0.02796993	-0.06493706	0.03351299	-0.02363984	-0.01292885	0.07556671	0.00850111	0.05847416	0.08074452	0.12130494	-0.04665635	-0.07192001	-0.03296317	0.04152395	0.05686222	0.01030944	-0.04315792	-0.01358270	0.05228562	-0.02767032	0.05151799
0.03894096	0.06428284	-0.06353361	0.09911174	0.03742441	0.07333263	0.06099525	-0.13486113	0.04809985	-0.15764926	-0.03825894	0.09739664	-0.00665060	0.07745975	0.03092377	-0.01301077	0.06840644	-0.04501878	0.12274273	0.00149788	0.01971377	-0.03127570	-0.01594143	-0.15083085	0.04716467	0.06131998	0.00914363	0.01739772	0.09972587	0.00202115	0.02338390	-0.09853157	0.05180183	-0.11346012	0.02582464	-0.05132644	-0.00649284	0.05333932	0.10919299	0.04148862	-0.02324109	0.06014074	0.08833668	-0.01920709	-0.04647042	-0.00900116	-0.02011916	-0.06486561	-0.08501329	0.10742622	0.11729420	-0.01850034	-0.01521437	-0.05414120	0.01136338	-0.07654584	0.08753073	0.08147185	0.03735327	0.11154429	-0.02188740	-0.04524191	-0.11339562	-0.04921043	-0.01926604	0.02587160	0.01552365	-0.04609520	-0.03404753	-0.08638993	-0.09719638	-0.03323072	-0.04222149	-0.01039402	-0.00388528	0.10194335	0.00896889	-0.03489835	-0.17327887	-0.01898281	-0.00422848	0.04921123	-0.06454033	-0.05689158	0.01619845	-0.04589999	0.02285400	0.07884416	-0.06078208	-0.05407016	0.12188341	0.08198787	-0.06027123	-0.03839267	-0.10942969	-0.05342016	-0.06898250	-0.07644520	0.13319623	-0.08875634	0.10293750	0.09330349	-0.00147227	-0.15610577	-0.00137785	-0.06095596	0.00669535	-0.06641909	0.01725483	0.11539245	-0.07599369	0.00570513	0.03043468	-0.01666299	-0.09756967	-0.03574518	0.10687836	0.04381681	0.00659135	0.01452596	0.09362218	-0.10618998	0.06068198	-0.04286786	-0.08582068	0.02154739	0.04893987	-0.04171842	-0.03744412	-0.08482581	-0.03683458	-0.02996888	0.03386829	0.16500948	-0.00204851	0.04489361	0.06807821	-0.12552334	-0.00103704	0.00825609	-0.02701112	0.00918572	-0.03242100	-0.04269142	0.03972956	-0.06658516	-0.00488548	-0.04447437	0.09665126	-0.06377380	0.06709811	-0.01549476	0.03269035	0.05242256	-0.01368519	-0.00504460	0.00579593	-0.03130631	0.12711118	0.02001532	0.01272245	0.03013467	-0.05249215	0.01057023	0.00102498	-0.09795122	-0.02095607	0.01512466	0.01154406	0.02436203	-0.01775189	-0.00565548	-0.04510659	0.06835864	0.02844390	-0.01946402	0.00310829	-0.05482905	-0.08152001	-0.10143051	0.04532437	0.05335377	-0.01386349	-0.02866248	0.00215368	-0.06168609	-0.00591844	0.10407092	0.02440613	-0.00424971	-0.12241987	0.10363453	-0.02916803	0.00661496	0.01257178	0.04992792	-0.03633133	-0.02009107	-0.07870184	0.01856535	0.03883542	-0.02245006	-0.16433644	0.02500233	0.04955167	-0.03082436	0.02792166	-0.02140551	0.09397157	0.02599060	0.05355505	-0.01817379	0.07899489	0.06618597	-0.00808720	0.02163092	-0.06317877	0.03733789	0.04592226	0.02670524	-0.03473779	0.11294088	-0.00668015	0.00254203	-0.00648569	0.00248480	-0.07068929	0.03069269	0.05494346	-0.01976547	-0.05516792	0.06002748	0.06099015	-0.04391897	0.09169218	-0.02560930	-0.06579193	0.03299866	-0.02604410	-0.01398141	0.08090981	0.01440203	0.06375330	0.08807688	0.11911771	-0.04456231	-0.07571004	-0.04417852	0.04337584	0.05312672	0.00427618	-0.04786592	-0.02235845	0.04741771	-0.02803333	0.03992131
0.03150006	0.05993253	-0.06210776	0.10083876	0.03785549	0.06874526	0.06365768	-0.13307920	0.04754840	-0.15927403	-0.04281963	0.10012345	-0.00617466	0.08345055	0.03518325	-0.01725831	0.07262386	-0.04717362	0.12006852	0.00101715	0.02143799	-0.03103638	-0.00863826	-0.15369266	0.05476740	0.05872154	0.01185022	0.01252495	0.09731705	0.00235774	0.01762945	-0.09981875	0.06242285	-0.12174340	0.02183560	-0.04517234	-0.00222519	0.05340213	0.10772372	0.04011963	-0.02093928	0.06141474	0.09068231	-0.01153542	-0.04111519	-0.00968953	-0.02248462	-0.06132840	-0.08990841	0.10848737	0.11561958	-0.02270750	-0.01624947	-0.05388801	0.01247080	-0.06922238	0.08766519	0.08044223	0.03405013	0.10705482	-0.02218840	-0.04584977	-0.11380188	-0.04425835	-0.02320960	0.02234014	0.01628621	-0.05234801	-0.03132115	-0.08570352	-0.09557435	-0.02972084	-0.03867787	-0.01352017	0.00315877	0.09657053	0.01389263	-0.03125230	-0.17812276	-0.02085654	0.00114677	0.04323142	-0.06126094	-0.06554024	0.00526475	-0.05067554	0.01951372	0.07466357	-0.06412029	-0.05724565	0.11877070	0.08753573	-0.06696827	-0.03484711	-0.11417877	-0.05234965	-0.06334955	-0.08136959	0.12696207	-0.08388853	0.09996147	0.09721480	-0.00276446	-0.15990864	-0.00350500	-0.06574786	0.00482903	-0.06334647	0.01659639	0.11441095	-0.06691815	0.00469329	0.02667586	-0.01570625	-0.09615652	-0.03584569	0.10805011	0.04008278	0.01306067	0.01189691	0.09545156	-0.11340021	0.05984686	-0.04891707	-0.07656080	0.01776119	0.04821105	-0.03294681	-0.03103817	-0.08512793	-0.03554931	-0.02809298	0.02397580	0.16519165	-0.00778249	0.04065941	0.06563447	-0.13274316	0.00286250	0.00890825	-0.02480191	0.00629529	-0.03261165	-0.04381325	0.04191373	-0.06852959	-0.00364719	-0.04444072	0.09356424	-0.06658722	0.05968857	-0.02284635	0.03020321	0.05152262	-0.01143624	-0.00778956	-0.00053612	-0.03560904	0.12917133	0.02179492	0.01382710	0.02365735	-0.05214506	0.02128302	-0.00108119	-0.09141370	-0.01604810	0.01425558	0.01291087	0.02071273	-0.00883805	-0.00428532	-0.04837248	0.06794433	0.02800855	-0.01913123	-0.00166292	-0.04618943	-0.08403650	-0.10668037	0.04291270	0.05866209	-0.01255259	-0.03324580	0.01133197	-0.05954003	-0.00413849	0.09898399	0.02607378	-0.00614493	-0.11995372	0.10461907	-0.03135969	0.00843111	0.00933860	0.05320553	-0.03904955	-0.01929966	-0.08047173	0.02081648	0.04172992	-0.01978108	-0.16678317	0.02017524	0.05141218	-0.02106457	0.02090123	-0.01563540	0.09455317	0.02682345	0.04879965	-0.01567096	0.08305346	0.06337374	-0.01331187	0.01908795	-0.05603879	0.03116799	0.04698865	0.02643323	-0.02893050	0.11909448	0.00165102	0.00547090	-0.00817995	0.00926416	-0.06973498	0.02808485	0.05276876	-0.01517759	-0.05260031	0.05703057	0.05818061	-0.04934983	0.10426468	-0.02987581	-0.06030890	0.03821436	-0.02289441	-0.00927213	0.07404135	0.01077771	0.05859209	0.08744561	0.12746924	-0.04451449	-0.06698333	-0.04479242	0.04002552	0.04862905	0.00951830	-0.05158862	-0.01160706	0.04681276	-0.03216847	0.04924969
0.03206246	0.06631296	-0.06224050	0.10381359	0.03951816	0.06923009	0.05414213	-0.13034126	0.04325693	-0.15870784	-0.03790650	0.09922390	-0.00999110	0.07817343	0.04065292	-0.01165346	0.06505307	-0.04977002	0.11692175	0.00158338	0.01717744	-0.03572363	-0.01619382	-0.15247068	0.04982854	0.06409266	0.00972835	0.00913102	0.09323528	0.00575310	0.02383501	-0.09810390	0.05816920	-0.12116025	0.02471692	-0.04492060	-0.00225975	0.04899062	0.11061008	0.04143611	-0.02616459	0.05901379	0.08652847	-0.01759367	-0.04195637	-0.00567864	-0.01832922	-0.06378558	-0.08744565	0.10944253	0.11553060	-0.01824616	-0.01132075	-0.05994240	0.01775344	-0.07272079	0.08725399	0.08188086	0.04035701	0.10821792	-0.02082415	-0.04142509	-0.11650880	-0.04838992	-0.02236051	0.02817227	0.00636790	-0.04411321	-0.03327243	-0.08997948	-0.10082030	-0.02981263	-0.04106009	-0.00910284	0.00530985	0.09973262	0.00825937	-0.03793609	-0.17190872	-0.01839696	0.00064518	0.04427276	-0.06602728	-0.06201434	0.01228550	-0.04038105	0.01736346	0.07370291	-0.06295699	-0.05832431	0.12226820	0.07737292	-0.07084361	-0.03802796	-0.10493337	-0.05555881	-0.06694165	-0.08296604	0.12343537	-0.08768454	0.10043788	0.09607035	-0.00229009	-0.15625873	-0.00221863	-0.06500100	0.00761551	-0.05815710	0.01702606	0.11828654	-0.07621231	0.00841081	0.02268686	-0.01788343	-0.09207860	-0.03996533	0.11551957	0.03583019	0.01639382	0.02005537	0.09386620	-0.11083317	0.06559356	-0.04474663	-0.07575804	0.01508042	0.04885751	-0.03529710	-0.03720067	-0.08655687	-0.03792848	-0.02872175	0.02660499	0.16251202	0.00082278	0.04783816	0.06511801	-0.13523895	-0.00297303	0.00823510	-0.02854018	0.01314257	-0.03853963	-0.04078323	0.04264827	-0.07522655	-0.00586928	-0.05035496	0.09244292	-0.07231703	0.06127875	-0.01971545	0.02752526	0.05070081	-0.01802718	-0.00476127	0.00835028	-0.03616981	0.12587015	0.02543700	0.01927603	0.02082583	-0.05564579	0.01530135	-0.00128735	-0.09612921	-0.01848083	0.01808294	0.00452133	0.02323699	-0.01417849	-0.00441591	-0.04835721	0.07767866	0.03240937	-0.02449884	-0.00092944	-0.05129570	-0.07576215	-0.10904698	0.04336097	0.05512162	-0.01466407	-0.02639651	0.00752362	-0.06238177	0.00517665	0.10065036	0.02265921	-0.00206379	-0.11968823	0.09450401	-0.03166410	0.00603941	0.01277168	0.04915615	-0.04151748	-0.01914211	-0.08301404	0.02064131	0.03959149	-0.01604986	-0.16694324	0.01767464	0.05072604	-0.02572498	0.02919619	-0.01182209	0.08827509	0.02692719	0.05162295	-0.01867920	0.08493531	0.06678879	-0.01173941	0.02060456	-0.06475782	0.03250220	0.05654203	0.01895198	-0.02528863	0.11654858	-0.00435567	0.00420343	-0.01043689	0.00743941	-0.06421468	0.02724558	0.05720171	-0.01799225	-0.05575177	0.05973779	0.06271990	-0.03970930	0.09514717	-0.02971972	-0.06391419	0.03410171	-0.02353902	-0.01937922	0.07920101	0.01107994	0.05527246	0.08284087	0.12096715	-0.04341330	-0.06854281	-0.04563777	0.04899186	0.05795633	0.00671367	-0.05344689	-0.02126715	0.05122017	-0.02704083	0.03969841
-0.01370220	0.01278316	-0.05899240	0.04803385	0.07191380	-0.01214034	0.07420484	-0.08262961	0.00651677	0.03126432	-0.04337217	0.08794907	0.01616798	-0.00101491	0.10703529	-0.02259430	0.02066755	-0.05385575	0.09110957	0.03248290	0.01406975	-0.07325997	0.00608606	-0.03034007	0.10569640	-0.00479826	0.05640440	-0.00073277	0.07797605	-0.04033142	-0.02672726	-0.09746324	0.06238685	0.05966109	-0.03904317	-0.02500480	-0.04913801	0.01247110	0.06334560	-0.03500375	0.05075976	0.03617863	0.04295408	-0.00883352	-0.03868127	0.07160211	0.02570646	0.00534273	-0.03372528	-0.04416190	0.07760357	-0.01853426	-0.04646551	-0.06904343	-0.03866445	-0.11614219	0.08771603	0.07041821	-0.01046319	0.03695956	-0.01064709	-0.11757439	-0.09732641	0.02973042	0.00509026	-0.03856487	-0.04410470	-0.11774871	-0.03725687	0.01287317	-0.01799816	-0.07868250	-0.07820358	0.05260509	0.02919128	-0.15740596	-0.05002732	-0.13425553	-0.04550056	0.03400394	0.05010628	0.03764394	-0.11417735	-0.09193302	-0.02020440	0.00839560	-0.05759038	0.09140721	-0.04997883	-0.01382993	0.07773010	-0.06373217	-0.03453213	-0.03741698	0.04112739	-0.06941456	-0.00740024	-0.04382191	0.08894332	-0.12608138	0.05183754	-0.06918276	0.00892191	-0.12832116	0.02552084	-0.00387874	-0.04505111	0.01505037	0.08990382	-0.00719054	0.01520227	-0.01122048	0.06667922	0.05535405	-0.00547213	-0.00593807	0.02373780	0.04333528	0.03546276	0.14625105	0.09628045	-0.02290578	0.03908580	-0.01250705	0.00697432	-0.14030951	-0.04777027	-0.03254690	-0.00039695	-0.18627092	0.00569592	0.04063183	-0.00727769	0.13542283	-0.02745023	-0.01230782	0.02179320	-0.11167908	-0.01324350	-0.01370396	-0.07145283	0.08887918	0.04358659	-0.03455631	0.06439858	-0.16294453	-0.06509892	-0.03132854	0.09662767	-0.07992657	-0.06934424	0.00201938	0.06061501	0.07011794	-0.03777058	-0.01321492	-0.05916252	0.05293910	0.11587106	0.12872699	0.04590013	0.06117676	-0.08257308	-0.00838985	-0.16931587	-0.10726273	-0.07150771	-0.05501333	-0.05535283	-0.00169036	0.01205817	0.01156978	-0.10200202	0.05689311	0.01206894	0.06805636	0.05643138	-0.08137725	-0.05251344	-0.07506694	0.02752578	0.07968394	-0.00888426	-0.02840787	-0.02864791	-0.03339278	-0.00841114	0.04772587	0.02112908	0.00046531	-0.03427484	0.04727269	-0.02090596	-0.01833596	-0.05041501	0.01852909	-0.07013292	0.02393191	-0.09606772	-0.07368055	0.03045264	0.00757684	-0.05797712	-0.04419937	0.06132700	-0.00889871	-0.00146831	-0.14588971	0.01975511	0.03919220	0.09742442	-0.00590873	0.09064505	0.01231473	-0.06753187	0.03601570	-0.08122638	-0.05395405	0.00730672	0.08932930	0.07894941	0.07485973	0.03329296	0.02791174	-0.11545472	0.05791019	-0.06683435	0.03688988	-0.03714810	-0.02648913	0.00722263	-0.06776182	-0.08031368	0.02766597	0.11625457	0.06816522	-0.03501545	0.00215499	0.01415727	-0.05834791	0.01400914	-0.03827312	-0.04051223	-0.01556049	0.05122415	-0.11300695	0.04839767	-0.04145293	0.01812128	0.00533029	0.08169565	-0.04043191	-0.02453330	0.09215707	0.05076382	-0.09910919
-0.02203395	0.01168356	-0.05603505	0.04492974	0.07760346	-0.01552174	0.06966544	-0.07817961	0.01033940	0.03368406	-0.04094376	0.08387563	0.01897153	0.00089545	0.10994782	-0.02183441	0.02768496	-0.05662924	0.07911867	0.04446501	0.01390183	-0.06815944	0.00437709	-0.03208476	0.10212070	0.00600930	0.04596073	0.00778156	0.08293899	-0.03984249	-0.02320323	-0.09928979	0.07037418	0.06266727	-0.04091091	-0.03028379	-0.05416427	0.02184534	0.06139945	-0.02385910	0.05420263	0.04225294	0.04187005	-0.00053026	-0.04364663	0.07574131	0.02370355	0.00566280	-0.02564023	-0.05405873	0.07837746	-0.02442289	-0.04431801	-0.05983378	-0.04280423	-0.11741078	0.08515944	0.06809472	-0.01174776	0.04146458	-0.00171651	-0.11988829	-0.10250620	0.03476556	0.00141551	-0.04093320	-0.04849626	-0.10847239	-0.04493964	0.01217660	-0.02376278	-0.07733316	-0.07913753	0.04929306	0.03105048	-0.15678756	-0.04315240	-0.13247949	-0.04437881	0.03333857	0.04695456	0.04108138	-0.11117617	-0.08895074	-0.01094694	0.01124659	-0.06547055	0.09555608	-0.04608122	-0.01689059	0.06962329	-0.06258534	-0.04147394	-0.03203167	0.04049783	-0.07240555	-0.00836057	-0.04180577	0.09099271	-0.12591381	0.05372979	-0.05986693	0.00764289	-0.12799321	0.02582624	-0.00798733	-0.03963588	0.01564501	0.08430180	-0.00731896	0.01549804	-0.01591246	0.06713047	0.06043353	-0.00210583	-0.00109417	0.02009006	0.04194459	0.02764700	0.15095592	0.08986044	-0.01832708	0.03926068	-0.01898249	0.00864449	-0.14638551	-0.04743322	-0.03980486	-0.01040240	-0.18692373	0.00179956	0.03782088	-0.00627665	0.13686492	-0.02339943	-0.01440234	0.01795538	-0.10466018	-0.01514026	-0.00775239	-0.06633098	0.09385265	0.04291563	-0.03999186	0.07026744	-0.16784139	-0.06807674	-0.03321972	0.08972433	-0.06890833	-0.06878376	0.00496135	0.06190457	0.07034290	-0.03375177	-0.01333813	-0.06388748	0.05640177	0.10143357	0.13700919	0.04797638	0.06073481	-0.07074438	-0.01066327	-0.16695429	-0.10028786	-0.07322787	-0.05439495	-0.06326658	0.00282324	0.01181972	0.01843338	-0.10116250	0.06061813	0.01333111	0.06828106	0.05990233	-0.07911009	-0.04687040	-0.08025376	0.03295028	0.07620704	-0.01151706	-0.02445061	-0.02853876	-0.03693836	-0.00136471	0.04745926	0.01966687	-0.00007901	-0.02776662	0.04843567	-0.02872604	-0.01420091	-0.04149469	0.02219203	-0.07204375	0.02965142	-0.09616982	-0.08070034	0.02709780	0.01220227	-0.05629299	-0.04893840	0.06546415	-0.00348345	-0.00040148	-0.14155740	0.01183118	0.03874575	0.10576028	0.00113681	0.08721513	0.01169989	-0.07117981	0.03291755	-0.07821850	-0.04906115	0.00968340	0.09280328	0.08741388	0.07905082	0.04157262	0.02438858	-0.11714724	0.05811394	-0.06390407	0.04533277	-0.04017903	-0.03012425	0.00105310	-0.05913051	-0.08745874	0.02982497	0.11859660	0.06735387	-0.02301924	0.00967356	0.00494243	-0.06372886	0.02038700	-0.04140861	-0.03924441	-0.01926890	0.05307084	-0.10901490	0.04533073	-0.04527475	0.02087848	0.00479379	0.08310254	-0.04111513	-0.01959273	0.08830425	0.05029842	-0.09676053
-0.01806371	0.01083969	-0.05747594	0.03661610	0.07916134	-0.01436333	0.07594296	-0.08205898	0.00424086	0.03379890	-0.04257977	0.08651658	0.02445783	0.00547509	0.10631526	-0.02054962	0.01644023	-0.05375649	0.08249082	0.04249922	0.01485615	-0.07332245	0.00676972	-0.02693857	0.09765639	0.00619245	0.04996975	-0.00326587	0.08063155	-0.03778609	-0.03559159	-0.10108300	0.06834549	0.05478351	-0.03954382	-0.02699759	-0.05437464	0.01993578	0.06208466	-0.02170465	0.04997694	0.04406259	0.04974686	-0.01142496	-0.04335444	0.07679430	0.02490437	0.00905702	-0.02850864	-0.04821062	0.08094013	-0.01555210	-0.05142046	-0.06182225	-0.04241830	-0.12004569	0.08980579	0.06757008	-0.01453937	0.04186405	-0.00724468	-0.11727532	-0.09551265	0.02706351	0.00722855	-0.02541368	-0.04500293	-0.11289511	-0.04316261	0.01817749	-0.02092063	-0.08014952	-0.07946850	0.05096179	0.02696632	-0.15705420	-0.04583132	-0.13288201	-0.04599331	0.03394963	0.05532254	0.04285935	-0.10982849	-0.08705089	-0.01487542	0.01024186	-0.06628845	0.08780902	-0.05131626	-0.02075614	0.07714843	-0.06014824	-0.03569229	-0.02758371	0.05007494	-0.06624913	-0.01201603	-0.04874701	0.08453363	-0.12417041	0.05565262	-0.06648439	0.00881792	-0.13240905	0.01972838	-0.00810111	-0.04219189	0.01468104	0.09342179	-0.01269137	0.02012283	-0.01489331	0.06510036	0.05499115	-0.00649189	-0.00294265	0.02052033	0.04700837	0.03390470	0.15152137	0.08825894	-0.01880418	0.03403201	-0.01300128	0.01921671	-0.14183226	-0.03673660	-0.03899715	-0.01302066	-0.18428318	0.00304967	0.03745719	-0.00584979	0.14304309	-0.01929440	-0.01616359	0.01554991	-0.10199540	-0.01195942	-0.01289174	-0.06661925	0.08390010	0.04915683	-0.03544158	0.06714302	-0.16647147	-0.07422801	-0.03454314	0.09393084	-0.07634912	-0.06638920	0.00477637	0.06531738	0.07019620	-0.03010007	-0.01715721	-0.05788448	0.05493012	0.11128627	0.13068348	0.05296327	0.06701917	-0.07749525	-0.00895091	-0.16689560	-0.10404132	-0.07696553	-0.05099791	-0.06264749	-0.00195797	0.01373520	0.01202398	-0.09878857	0.05531831	0.01297564	0.07267208	0.05388520	-0.07759402	-0.04743993	-0.06680226	0.03160281	0.07515673	-0.01365241	-0.03015033	-0.03162903	-0.03602255	-0.00072781	0.05116285	0.02301802	-0.00181103	-0.03584639	0.04861832	-0.02868332	-0.01806794	-0.04683185	0.02147943	-0.07098068	0.02765998	-0.09396166	-0.08232529	0.02890207	0.01626680	-0.05256102	-0.04536028	0.05808422	-0.00241760	-0.00069966	-0.14849477	0.00608194	0.03743614	0.10248095	-0.00284877	0.08268448	0.01338488	-0.06352292	0.03230157	-0.07953354	-0.04543883	0.01237599	0.10036777	0.08653898	0.07298717	0.03143256	0.02374493	-0.12025861	0.05075166	-0.06344756	0.04525943	-0.03804192	-0.02692064	0.00350278	-0.06206013	-0.08344667	0.03138863	0.12319706	0.07007641	-0.03239408	0.00260106	0.01525738	-0.06109177	0.02292579	-0.03816795	-0.03880154	-0.01360447	0.04636043	-0.10730807	0.05220060	-0.03890097	0.01912305	0.00284592	0.08265886	-0.03877586	-0.02675900	0.09412010	0.05002829	-0.09618748
-0.01076299	0.00718170	-0.05941620	0.04224362	0.07802282	-0.01285983	0.07271656	-0.08395953	0.01232116	0.03880577	-0.03858319	0.08306592	0.02247077	0.00231267	0.11040126	-0.02199762	0.01414818	-0.05031226	0.08862605	0.03775654	0.01684767	-0.07198912	0.00703219	-0.02447335	0.10017350	-0.00126008	0.04910808	0.01246879	0.07714263	-0.03527399	-0.03005601	-0.09386644	0.07064652	0.05569252	-0.03694482	-0.03111412	-0.05660150	0.01172213	0.06565914	-0.02812972	0.05635464	0.04745214	0.04640425	0.00097197	-0.03677038	0.08039936	0.02679436	0.00794584	-0.02993286	-0.04757173	0.07986965	-0.01696449	-0.04897315	-0.05998064	-0.03975793	-0.11917431	0.08609147	0.06059487	-0.01196831	0.03873758	-0.01494502	-0.12555043	-0.10541212	0.02248355	0.00543630	-0.03715384	-0.04336363	-0.11028853	-0.04605501	0.00986184	-0.01650555	-0.08238487	-0.08518788	0.04822693	0.02808132	-0.15590450	-0.04466957	-0.13859719	-0.04319346	0.03172842	0.04888326	0.03362467	-0.10905503	-0.08593105	-0.01835295	0.00625232	-0.05609783	0.08562539	-0.04598628	-0.01830296	0.07561600	-0.06659394	-0.02927916	-0.03292697	0.04219180	-0.06244699	-0.00846965	-0.03954611	0.08516372	-0.12890670	0.05676248	-0.06237067	0.00627935	-0.12698653	0.02628826	-0.01744506	-0.04394026	0.00705050	0.09522510	-0.00422456	0.01727854	-0.01167306	0.06573579	0.05464561	0.00127473	-0.00102705	0.01906888	0.04635441	0.03130619	0.15857798	0.09541257	-0.02189352	0.04106384	-0.01566941	0.01330425	-0.13530596	-0.04051363	-0.03779668	-0.01058300	-0.18414649	0.00407715	0.03334469	-0.00907980	0.13936535	-0.01546346	-0.01357197	0.02362411	-0.10052826	-0.01695324	-0.01242490	-0.07168664	0.09078805	0.04647251	-0.03661216	0.07171444	-0.16898465	-0.06313386	-0.03799123	0.09445079	-0.07573137	-0.06324614	-0.00114333	0.07196726	0.06487884	-0.03082841	-0.01823554	-0.06188192	0.05525922	0.10882343	0.13699514	0.04417897	0.06807227	-0.07188245	-0.01046139	-0.16434516	-0.10560369	-0.07273436	-0.04754284	-0.06688331	0.00095696	0.01161383	0.01739294	-0.09867211	0.06590561	0.01164307	0.06811736	0.05668247	-0.07397537	-0.04622738	-0.07616865	0.03150817	0.07376357	-0.00808228	-0.03148380	-0.03197632	-0.03415316	-0.00567291	0.04589403	0.01894329	0.00280437	-0.03802938	0.05205273	-0.02409719	-0.01863233	-0.04744861	0.02484645	-0.07391310	0.02518323	-0.10112263	-0.07562671	0.02417509	0.00604122	-0.05881801	-0.04813628	0.05278366	-0.00475878	0.00349740	-0.14039676	0.01523764	0.03616215	0.10192785	-0.00322819	0.08367420	0.01568877	-0.06605870	0.03065597	-0.08189249	-0.04823824	0.01042529	0.08834168	0.08313011	0.08068230	0.03982745	0.02201552	-0.11259734	0.05305545	-0.06963507	0.04159038	-0.04103356	-0.03136561	0.00416727	-0.06722090	-0.08219771	0.03112006	0.12582652	0.07008092	-0.02663093	0.00854369	0.01170571	-0.05946512	0.02103554	-0.04569016	-0.03508054	-0.01952905	0.05263176	-0.11212400	0.04167471	-0.04861055	0.02288566	0.00338385	0.08426892	-0.03944972	-0.02247718	0.09361740	0.04533128	-0.09537926
-0.02066414	0.08887056	0.07430614	0.06696602	-0.10381092	0.02894213	0.01625104	-0.08807793	0.05261196	-0.07361736	0.00736816	0.03272713	0.04370921	0.03205379	0.00073162	-0.10471314	0.06051159	-0.01144885	0.08286376	0.00325952	0.02946235	-0.07213654	-0.07333729	0.00068492	0.03632538	0.00007265	0.03209272	0.01546502	0.09861370	-0.02111139	0.06955389	-0.07299237	-0.03870054	-0.09396503	-0.07986851	-0.10891166	-0.08642212	0.04512654	0.07409271	-0.04588485	0.04196668	0.03207690	0.07301696	-0.00037369	-0.02245823	-0.02403995	-0.04630859	-0.04057955	-0.09626394	0.05622982	0.03881523	0.01482001	0.02165485	-0.02236156	-0.03208900	-0.03256985	-0.01286255	0.03798380	-0.02616414	-0.00390948	-0.00948477	-0.12030836	0.05554351	0.00436157	-0.05080217	0.08747542	-0.04466332	-0.11826433	0.03553031	0.05116636	0.01211019	-0.00199582	0.02336620	0.04624245	-0.01324143	-0.10775464	-0.05075121	-0.04473524	-0.14699732	0.09001546	-0.01964845	0.03490908	-0.08971869	-0.04848507	0.00050134	-0.04520180	0.00518453	0.03534265	-0.03576131	0.03673116	0.09738286	0.02687979	-0.05480758	0.01325284	0.01410919	-0.04205747	0.08614143	-0.09774800	0.08834361	-0.10404404	0.02683699	-0.02952459	-0.04186623	-0.12703326	-0.00448449	0.05324032	-0.09171163	0.05832539	0.07731053	-0.00278640	-0.01329598	0.01097846	0.03240846	-0.09611213	-0.00994931	0.04026457	0.05208996	0.01797612	-0.00437227	0.03615846	0.10978811	-0.04414086	-0.04495903	0.03848524	-0.02533245	-0.04696415	-0.06522954	0.00049364	0.01562547	-0.15363674	0.03245281	-0.00259873	0.04499856	0.08480709	0.00607738	-0.03583957	0.03953130	-0.06372999	-0.02503907	-0.04496667	-0.02341400	0.09961511	0.02106559	-0.06474997	0.06195074	-0.04037279	-0.01372673	-0.00886066	0.17745830	-0.07132729	-0.02170078	-0.08606606	-0.02661313	0.16555388	-0.09446146	-0.10969184	-0.00384004	0.04992341	0.04484117	0.22631589	0.04251689	-0.03366844	-0.09271353	0.03644138	-0.00144866	-0.05796525	0.04999484	-0.00843227	0.06167704	0.06511607	-0.08569256	-0.01084435	-0.03957345	0.16296138	-0.00642252	-0.04019757	0.09245373	0.02425121	-0.08913849	-0.01954742	0.00496726	0.01287446	0.08532976	-0.06395809	0.02946861	-0.07131390	0.04328138	0.04072261	0.06237915	-0.06633492	-0.06988035	0.01752160	0.04378651	-0.05069356	0.02681478	0.13803944	-0.00787985	-0.02981319	-0.11740623	-0.02479085	0.14684369	-0.01663520	-0.10207179	-0.03946218	-0.00124622	-0.06314971	0.07271236	-0.07218617	0.02435709	-0.00574563	-0.01001088	-0.01448508	0.09379168	-0.00860627	-0.03123707	0.07388657	-0.03335540	-0.06921200	0.02485980	0.05079759	-0.03595237	0.05302371	-0.06599835	-0.07555328	-0.01812666	0.05416934	-0.05920843	-0.06118839	-0.01125505	-0.00260958	-0.05555747	0.04700891	-0.04467589	-0.06883102	0.03435300	0.02146244	0.02324940	0.01207821	-0.08649006	-0.02054193	0.11094619	0.00325893	0.12197585	0.00354554	0.14017387	-0.04263854	0.07348066	-0.01586295	0.01569002	0.04261035	0.08294491	-0.00759573	-0.01810785	0.11669005	0.00838802	0.03188530
-0.02260085	0.09488014	0.07372478	0.06461260	-0.10539427	0.03448767	0.02151666	-0.09213503	0.05108947	-0.07090645	0.01511416	0.03293564	0.04482955	0.02485929	-0.00085224	-0.10607058	0.05454746	-0.00650850	0.08376879	0.00623327	0.02192641	-0.06973068	-0.07046753	0.00406579	0.02771932	0.00035602	0.03125822	0.01186434	0.09670817	-0.02055528	0.06689686	-0.07167120	-0.03898583	-0.08923695	-0.08021816	-0.10411005	-0.08344144	0.05530681	0.07521535	-0.04652696	0.03968147	0.03988505	0.07333717	-0.00608338	-0.02050083	-0.02283562	-0.05286967	-0.04197983	-0.09666571	0.04852179	0.04066066	0.01657296	0.02190813	-0.01621938	-0.03715372	-0.03386187	-0.01311769	0.04332828	-0.02660482	-0.00849421	-0.01217152	-0.13018675	0.05209673	0.00278582	-0.05319217	0.08600056	-0.04662897	-0.11474918	0.04101083	0.04993986	0.01826359	-0.00632877	0.02123548	0.05376561	-0.01083194	-0.10570487	-0.04174934	-0.04278148	-0.14781572	0.08949146	-0.01736804	0.03328741	-0.08968361	-0.05309941	-0.00174760	-0.04253708	-0.00022926	0.03806693	-0.03001986	0.03220714	0.09245890	0.02792484	-0.05040895	0.00946381	0.02117396	-0.04581496	0.08740233	-0.10033920	0.08305547	-0.10475586	0.02530901	-0.03025202	-0.04065656	-0.13090353	0.00117124	0.04875005	-0.09074283	0.05428591	0.07803244	-0.00262975	-0.01249500	0.01244250	0.03713638	-0.09925715	-0.01088800	0.03808143	0.05326176	0.02465660	-0.00507022	0.03196001	0.11060785	-0.04677546	-0.04428672	0.04050363	-0.03088144	-0.05301915	-0.06439231	0.01466489	0.01397356	-0.15367264	0.02714609	-0.00049480	0.04356220	0.08328610	0.00422821	-0.03464351	0.03194969	-0.06867226	-0.01728020	-0.04637242	-0.02699642	0.10302036	0.03008550	-0.06464003	0.05856682	-0.04393233	-0.00749291	-0.00881453	0.16879532	-0.06382501	-0.03113470	-0.07982422	-0.02659947	0.16413662	-0.09332839	-0.11272938	-0.00503715	0.05502182	0.04541787	0.22844274	0.03921815	-0.02575545	-0.08689266	0.03799179	-0.00400116	-0.04867148	0.04811833	-0.01036421	0.05644436	0.07010161	-0.08598943	-0.00978774	-0.04442884	0.16636491	-0.01372852	-0.03686873	0.09066609	0.02495802	-0.08715286	-0.02617633	0.00213915	0.01394718	0.08732902	-0.06586188	0.03716384	-0.06863020	0.04446182	0.03896860	0.06543239	-0.07367335	-0.07098649	0.01733635	0.05052077	-0.05738150	0.02838913	0.13351847	-0.01033109	-0.03451408	-0.12036744	-0.02572373	0.14685751	-0.01326856	-0.10700618	-0.02972638	-0.00982283	-0.05927702	0.07933722	-0.07981522	0.02145009	-0.00809753	-0.01686268	-0.01346571	0.09138001	-0.01032274	-0.03013616	0.06670561	-0.03381339	-0.07036604	0.02769898	0.05331100	-0.03803588	0.05707761	-0.06247903	-0.07847746	-0.02079526	0.05114750	-0.06193700	-0.06287465	-0.01242539	-0.00620591	-0.04776739	0.05904593	-0.03492742	-0.06707073	0.03260159	0.03131202	0.01632988	0.01864427	-0.08817428	-0.02282030	0.10864273	0.00045271	0.11384730	0.00449812	0.13696973	-0.04722008	0.07476368	-0.02269881	0.01331786	0.03920233	0.08681736	-0.01044207	-0.00602190	0.11436120	0.00812047	0.03559411
-0.02665943	0.08972965	0.07073561	0.06293790	-0.09957257	0.03311488	0.02221084	-0.09536782	0.04893114	-0.07068277	0.01084040	0.03776860	0.04162180	0.02573017	0.00106122	-0.10331735	0.06288198	-0.00468284	0.07888844	0.01114778	0.01778262	-0.06537241	-0.07349182	-0.00307954	0.03402511	0.00052533	0.03287254	0.00988134	0.09899529	-0.02549021	0.06351476	-0.07646628	-0.03934970	-0.09065481	-0.08838548	-0.10334696	-0.07985871	0.04195396	0.07577020	-0.04892281	0.04473902	0.03669430	0.07598534	-0.00707981	-0.02018702	-0.02607649	-0.04732262	-0.03270494	-0.09836868	0.05510323	0.04194601	0.02008474	0.02096590	-0.02092699	-0.03176456	-0.04078322	-0.01054025	0.04381690	-0.02970844	-0.00061446	-0.01588646	-0.13374323	0.06167788	0.00108092	-0.05073025	0.08527581	-0.04451797	-0.12065303	0.04060512	0.04709024	0.01526542	0.00341171	0.02160043	0.05330399	-0.01272395	-0.11040410	-0.04680244	-0.03895183	-0.14802527	0.08745760	-0.01573992	0.04194172	-0.09542678	-0.05359299	0.00046206	-0.04737443	0.00567145	0.03676360	-0.03520154	0.03731841	0.09010719	0.02858814	-0.05126339	0.00824645	0.02355934	-0.04201043	0.08345288	-0.10231394	0.08677658	-0.09929506	0.02565848	-0.02643853	-0.03504549	-0.13181977	-0.00746520	0.05299976	-0.09162333	0.05379387	0.07586717	0.00013057	-0.01560351	0.01606742	0.03738061	-0.09258737	-0.00682491	0.03188457	0.05394751	0.02879831	-0.00795508	0.03616304	0.11142436	-0.04242616	-0.04594676	0.03966184	-0.03396317	-0.04268752	-0.06849742	0.00966473	0.01882759	-0.14952490	0.03177467	-0.00172671	0.04380184	0.08524439	0.00219227	-0.03982021	0.04059680	-0.06203496	-0.02690364	-0.04863830	-0.02953325	0.10073287	0.02970725	-0.06984322	0.05884437	-0.04283323	-0.00994929	-0.00868505	0.16944376	-0.06672941	-0.02791856	-0.08792534	-0.02956009	0.16763826	-0.08764900	-0.10421627	0.00160363	0.06919280	0.05080024	0.22438076	0.03987250	-0.02868443	-0.09131903	0.03873265	-0.00290976	-0.05996633	0.05035760	-0.01311874	0.05885276	0.07126681	-0.08383539	-0.01469713	-0.03835610	0.16065352	-0.01326154	-0.03442194	0.09302548	0.02619954	-0.09072308	-0.02196454	-0.00143167	0.01879500	0.08809377	-0.06763418	0.02851057	-0.07544904	0.03911988	0.04190715	0.06223629	-0.06332496	-0.07439362	0.01652544	0.05291897	-0.05539307	0.03166513	0.14045705	-0.00813983	-0.03035991	-0.12208421	-0.02712795	0.14433995	-0.01901455	-0.10481044	-0.03768104	-0.00892914	-0.06025402	0.07716721	-0.07311215	0.01596017	-0.00053871	-0.01750496	-0.01523032	0.08866789	-0.00917964	-0.02264073	0.06971429	-0.03637081	-0.07787932	0.02147922	0.04668346	-0.03943720	0.05352937	-0.06536967	-0.07389814	-0.01693012	0.05163255	-0.05783776	-0.05862913	-0.00817825	-0.00690844	-0.04307282	0.05165327	-0.03405441	-0.05921069	0.03837455	0.02306385	0.02127469	0.01046856	-0.09113958	-0.02362666	0.10069548	0.00089387	0.11482475	0.00728349	0.13876420	-0.04409027	0.07638992	-0.01629109	0.01176418	0.03577594	0.08472010	-0.01307049	-0.01611421	0.11605889	0.01425503	0.03496391
-0.02685849	0.08450543	0.07116795	0.06324043	-0.10575479	0.02908292	0.01628032	-0.09316294	0.05202233	-0.06949139	0.01812008	0.03192376	0.04407630	0.03098190	-0.00411039	-0.10533343	0.05257646	-0.00804334	0.07744826	0.01199114	0.02237494	-0.07041191	-0.07774395	-0.00357151	0.03100335	-0.00047512	0.03405853	0.01483419	0.09895945	-0.02201130	0.06765047	-0.07696360	-0.03369387	-0.08679574	-0.08284800	-0.11026298	-0.07658595	0.05237655	0.07371262	-0.04715779	0.04861082	0.03332747	0.07572352	-0.00717452	-0.01990693	-0.02109621	-0.04234170	-0.03566792	-0.09915333	0.05803522	0.04319364	0.00623776	0.02820389	-0.01532750	-0.03395909	-0.03751171	-0.01436926	0.03915281	-0.03181326	0.00089501	-0.01973670	-0.12841445	0.05785002	0.00746339	-0.05167046	0.08534184	-0.05127344	-0.12115613	0.04269170	0.05319758	0.01368515	0.00497480	0.02349057	0.05489413	-0.02242122	-0.10525122	-0.05264034	-0.04313018	-0.14493455	0.09211570	-0.01558380	0.03568077	-0.08727290	-0.05022119	0.00187820	-0.04715405	0.00185658	0.03606539	-0.02801520	0.04258133	0.09412625	0.03089013	-0.05323036	0.01723590	0.02428647	-0.04184328	0.08528334	-0.09830482	0.08235879	-0.10167947	0.02784755	-0.02556758	-0.04392307	-0.13200037	-0.00273650	0.04892968	-0.09436057	0.05090321	0.07662536	-0.00155415	-0.01034042	0.01046484	0.04001088	-0.08994740	-0.01132859	0.04365671	0.04968408	0.02720901	-0.00254322	0.03378949	0.11063272	-0.03368412	-0.04257803	0.04093274	-0.02541451	-0.04441587	-0.06651736	0.01276660	0.01745709	-0.14932312	0.03184007	0.00416985	0.04407310	0.08757870	0.00384412	-0.02677351	0.03553815	-0.06119726	-0.01912087	-0.04870152	-0.02480406	0.09926438	0.02829731	-0.07121506	0.06408206	-0.03709188	-0.00946213	-0.01465634	0.17275780	-0.07029010	-0.02863239	-0.08091026	-0.03556127	0.16951026	-0.09439594	-0.10710441	-0.00324286	0.05427885	0.04778528	0.22820200	0.03884917	-0.02703623	-0.08811472	0.03282742	-0.00563527	-0.05454713	0.03956775	-0.01244138	0.06158658	0.07343344	-0.07986171	-0.01370629	-0.03780181	0.16184941	-0.00713192	-0.03629683	0.09843812	0.01885780	-0.08455584	-0.02889287	0.00111121	0.01789735	0.08746504	-0.06304117	0.02778938	-0.06882344	0.03663312	0.04068191	0.06725662	-0.06642567	-0.07607149	0.01266735	0.04730469	-0.05337290	0.02951310	0.13345189	-0.01321233	-0.03563136	-0.11983863	-0.02119285	0.15030782	-0.01722219	-0.10466370	-0.03991426	-0.00809237	-0.06191302	0.07274676	-0.07397123	0.01903711	-0.00287985	-0.01539316	-0.01929045	0.09325141	-0.01150651	-0.02449299	0.07526931	-0.03640585	-0.06938061	0.02158567	0.06199791	-0.03888763	0.05360471	-0.05972085	-0.07910533	-0.01535632	0.05056800	-0.06186764	-0.05940977	-0.00228730	-0.00824870	-0.03761775	0.05175130	-0.04223255	-0.06732162	0.03293440	0.02541956	0.01964459	0.01338368	-0.08736133	-0.02356582	0.10914546	-0.00078108	0.11315470	0.00089467	0.14196095	-0.04622458	0.07957136	-0.02175735	0.00794887	0.04115698	0.08688036	-0.00741896	-0.01937922	0.11446861	0.00544004	0.03216943
-0.02208127	-0.04074472	0.00862443	0.15861954	-0.02756240	-0.02644269	0.07637390	-0.03978432	-0.10798065	0.01217801	-0.00651733	0.03676926	-0.05689718	0.01103990	0.00173447	-0.02603284	-0.01260203	0.01528224	-0.03501929	0.02158360	0.09048947	0.04838828	0.04595983	0.05135824	0.01948338	0.00277723	-0.06450282	0.02400319	-0.06853428	0.00028131	-0.10138987	0.02653331	0.05891881	-0.00064114	0.03993183	-0.07611132	-0.07195085	-0.10490066	0.01653658	-0.05351289	-0.00892543	0.03650765	0.04135822	0.07205933	0.01734358	0.05570792	-0.01599465	0.02368947	0.00989103	-0.05416362	-0.06916160	-0.08975028	-0.05885004	0.03928592	-0.05957057	-0.02942434	-0.06519757	0.00658601	0.09044269	0.04020202	0.18197383	0.05960710	0.00701857	-0.03293210	-0.06796837	0.12424511	-0.02095250	0.02005830	-0.10218379	-0.04189740	-0.05627623	-0.05807601	0.07777937	0.06005671	0.00806483	-0.12320962	0.06339836	-0.11144046	0.03276815	0.06476481	0.09897393	0.01940277	0.00767668	-0.03760859	0.01803043	-0.02063082	0.11052847	0.05004635	0.04202797	0.03803552	0.03664562	0.06870038	0.09932235	-0.01373696	0.01976082	0.05833828	0.01877199	-0.01682884	-0.05713385	-0.00083522	0.03711797	0.12817812	0.00788170	-0.04434633	0.00616974	-0.01786616	0.02186611	-0.05449762	-0.01245349	-0.01308931	0.05636487	-0.09354439	0.03859205	-0.05190116	0.01854042	-0.00017811	-0.00876143	0.08899704	0.00499355	-0.04658892	0.02676423	-0.02596640	-0.11440199	0.05065085	0.05118190	-0.04408395	-0.08730371	0.08216816	-0.03216929	-0.03689277	0.08242200	0.03205450	-0.03446696	-0.07308122	0.02351720	0.10091253	0.12758154	0.01910240	0.06550166	-0.03300253	0.08541946	0.01641186	-0.08493665	0.04102179	-0.11836430	0.05721463	-0.01587977	0.07132892	-0.06834604	-0.06259844	-0.13561589	0.02690141	0.07736225	0.01572906	-0.05304268	0.08826210	-0.05371677	0.02681077	0.02064830	0.06526754	0.02728805	0.06648172	0.03863495	0.09235215	-0.04524684	0.08240750	-0.11631092	0.05335610	-0.02435202	-0.07303049	-0.03762238	0.09277003	-0.02264937	-0.05893171	0.04397938	-0.01308431	-0.05055459	0.11074761	-0.11761664	-0.05007662	-0.08085817	0.06985875	-0.01230951	0.10330145	0.09645569	-0.02152932	0.01229172	-0.04922615	0.09578048	0.00713158	0.00781070	0.10201650	0.08475399	0.09077952	-0.12193505	0.10963243	-0.08884466	0.11362997	-0.01184671	-0.11347749	0.10032170	0.04642016	0.08409593	-0.00004659	-0.05944941	0.03273787	0.12383571	0.08655656	-0.06264828	-0.03297649	0.09648509	0.10075195	0.01094389	0.02583172	-0.06127929	-0.00308075	0.01556134	-0.00663485	-0.03407071	0.06894425	-0.03850285	-0.00392062	-0.04656100	0.02588136	0.00219735	-0.07877707	-0.02724135	-0.00045380	0.05119712	0.05863733	0.03982764	-0.02963115	0.04782804	0.05928450	0.02952491	0.01263889	-0.05840608	-0.01742363	-0.04408276	0.00800971	0.04115604	-0.00189289	0.01350836	0.14709277	-0.00484857	0.04670428	-0.02933476	0.02850540	-0.03087490	-0.06917388	0.03458881	-0.06562670	-0.13466389	0.04429177	0.08979948	-0.12210093
-0.02398635	-0.03980226	0.00692086	0.16261630	-0.02967678	-0.02332354	0.08204498	-0.04449401	-0.10641411	0.01964083	-0.01186019	0.03106161	-0.06017739	0.01030073	0.00773388	-0.01968088	-0.00862005	0.01656084	-0.03563345	0.01867381	0.08853193	0.04990437	0.04065661	0.04285400	0.01921922	-0.00315881	-0.05696152	0.02004502	-0.07091329	0.00600754	-0.10206068	0.02571611	0.07289752	-0.00586253	0.03133499	-0.07762472	-0.07085643	-0.10125016	0.02220547	-0.05099825	-0.01200513	0.04264400	0.04237477	0.07670872	0.01145439	0.04797047	-0.01351527	0.02549418	0.00245146	-0.06230521	-0.07057880	-0.08005401	-0.05715763	0.04101802	-0.06382558	-0.02390782	-0.07217830	0.00982200	0.08990883	0.04102386	0.18107012	0.06188871	0.01058248	-0.03375274	-0.07575361	0.12200648	-0.02368516	0.01500271	-0.09727921	-0.03710224	-0.05809244	-0.06123124	0.07904702	0.06056803	0.01625645	-0.11851582	0.06924990	-0.11743608	0.02697445	0.06375886	0.10080088	0.02583803	0.00472129	-0.04614317	0.02656029	-0.02074900	0.10936527	0.04583627	0.04519395	0.04168678	0.03960859	0.07019338	0.09210631	-0.01070768	0.02482796	0.05076760	0.02163652	-0.01588533	-0.05639631	-0.00487536	0.03845927	0.12365427	-0.00013581	-0.04615284	0.00357547	-0.02091078	0.02277616	-0.05048209	-0.00835735	-0.00491395	0.05150058	-0.09662361	0.03848647	-0.05911967	0.01807633	-0.00112994	-0.00779602	0.09126510	0.00741336	-0.05199458	0.02513323	-0.02880007	-0.11162942	0.05264364	0.05487508	-0.03671905	-0.08038374	0.08240706	-0.03436620	-0.04134832	0.08581546	0.03796100	-0.03105136	-0.06913094	0.02925199	0.10108142	0.11941897	0.01865402	0.06980868	-0.04061462	0.08099603	0.01433227	-0.08147246	0.03569580	-0.11716204	0.05516757	-0.00865921	0.06854974	-0.05706916	-0.05623924	-0.14297339	0.02839996	0.08459000	0.00786727	-0.05567876	0.08556099	-0.04638035	0.02357573	0.02789202	0.06904529	0.02765724	0.06221019	0.02999039	0.08972754	-0.04930912	0.08661549	-0.11866651	0.05190342	-0.02614038	-0.07292566	-0.03720651	0.09190959	-0.02113332	-0.06682940	0.03638165	-0.01574277	-0.05611009	0.10990126	-0.11792018	-0.05059852	-0.08107415	0.06624668	-0.01099927	0.10240607	0.09460600	-0.02350395	0.00935023	-0.05634712	0.09325963	0.01384709	0.01021548	0.09871157	0.07972328	0.10127778	-0.11630508	0.11485699	-0.09088065	0.11235563	-0.00882527	-0.11505031	0.10167660	0.05490110	0.07992005	-0.00238359	-0.06006477	0.02906549	0.12135051	0.08883338	-0.06118538	-0.03442970	0.10745297	0.09578898	0.01566728	0.02432771	-0.06985841	-0.01309025	0.01067686	0.00286660	-0.03261325	0.06925400	-0.04940705	-0.00257164	-0.04389388	0.02387141	0.00656713	-0.08059628	-0.01968134	0.00629450	0.05550253	0.05512947	0.04265923	-0.02944728	0.04220185	0.05797992	0.03125588	0.00753258	-0.05533177	-0.02340705	-0.04657134	0.00557104	0.04752291	-0.00720074	0.02094951	0.14516227	-0.00614897	0.04258222	-0.02704233	0.02653697	-0.02948192	-0.06078852	0.03245029	-0.06570844	-0.12551518	0.04713417	0.09073090	-0.12568898
-0.01992866	-0.03570243	0.00652040	0.16264459	-0.02890380	-0.02281847	0.08512475	-0.04252438	-0.10428644	0.01382003	-0.01633195	0.02482704	-0.06403369	0.00825471	0.00317598	-0.01739122	-0.01507418	0.01210018	-0.03012330	0.02165354	0.10063286	0.05003158	0.04147238	0.05356804	0.02069522	0.00490565	-0.06444047	0.02917374	-0.06871419	0.00655667	-0.10241824	0.02075348	0.06150717	-0.00486120	0.03851227	-0.07572545	-0.06899917	-0.10111386	0.01391313	-0.05032715	-0.01473527	0.04142847	0.03078184	0.07292918	0.00897741	0.05010901	-0.01245736	0.02280991	0.00912824	-0.05166971	-0.06814881	-0.08419186	-0.05443272	0.03848913	-0.05936552	-0.02732932	-0.06602021	0.00675298	0.08798859	0.04335483	0.18727201	0.06375794	0.01597391	-0.02896327	-0.07497448	0.11969805	-0.01641106	0.01231346	-0.09682818	-0.03935899	-0.04746575	-0.05672918	0.07299672	0.06650891	0.00634111	-0.13120888	0.07113170	-0.11433077	0.02851018	0.06487834	0.09511478	0.01866525	0.00485189	-0.03785390	0.01774745	-0.01989978	0.11597050	0.04949586	0.04886189	0.04108865	0.03758116	0.06316955	0.09526186	-0.00870241	0.02272933	0.04636098	0.02707318	-0.02308861	-0.05730431	-0.00421439	0.03920918	0.12392030	0.00152481	-0.04518430	-0.00231767	-0.01677692	0.01947941	-0.05730078	-0.01051554	-0.01323696	0.05554083	-0.09158557	0.04222662	-0.04485547	0.01496868	0.00278882	-0.00552554	0.08791990	0.00782840	-0.04878064	0.02997921	-0.02889638	-0.11031257	0.05297608	0.04543864	-0.04230399	-0.08539306	0.08587170	-0.02905395	-0.03588339	0.08210116	0.03468450	-0.03793601	-0.07333954	0.02549520	0.10409722	0.11849071	0.01730764	0.06148929	-0.03944185	0.08091493	0.01822161	-0.08081210	0.04441176	-0.11378358	0.06009527	-0.01522088	0.07737430	-0.06153225	-0.05640389	-0.14462845	0.03572964	0.08337767	0.01304897	-0.04889109	0.09049285	-0.04440275	0.02288890	0.01881958	0.06247217	0.02349568	0.07127305	0.03728768	0.09862372	-0.04617008	0.08241946	-0.11953110	0.05133566	-0.02544167	-0.07460926	-0.03799663	0.08515204	-0.01818386	-0.06758740	0.03871755	-0.02321860	-0.04830193	0.11525852	-0.12346371	-0.05454922	-0.07617575	0.06970149	-0.01636953	0.10586327	0.09323412	-0.01812001	0.00630625	-0.04798168	0.09710346	0.00364595	0.01121833	0.10009068	0.07422187	0.09911179	-0.11972333	0.11058537	-0.09274078	0.11471927	-0.00672860	-0.10936035	0.09904604	0.04689763	0.08009232	0.00038066	-0.05792191	0.03724096	0.12088110	0.09061917	-0.06788927	-0.04095693	0.10401206	0.09480736	0.01729015	0.02647997	-0.06950230	-0.01018711	0.01473696	-0.00384426	-0.02673426	0.06597529	-0.04027374	-0.00054414	-0.03983616	0.03497886	0.01113589	-0.07831445	-0.02402827	0.00442575	0.05311552	0.05110243	0.04488733	-0.02616293	0.04178559	0.05845983	0.02590233	0.01469450	-0.05606537	-0.02668354	-0.03455604	0.00827129	0.04635594	-0.01034833	0.02380182	0.15106347	-0.01033728	0.04956085	-0.02589840	0.03132464	-0.02452849	-0.06427611	0.03497579	-0.06375661	-0.12283651	0.04297042	0.08831277	-0.13226432
-0.01976903	-0.04233741	0.01222782	0.16764966	-0.02156521	-0.02038769	0.08195919	-0.04276394	-0.10382394	0.01036773	-0.01156786	0.02951002	-0.06224336	0.00744556	-0.00011428	-0.02319467	-0.01692393	0.01068041	-0.04333021	0.02204075	0.09006817	0.05283276	0.04408958	0.05305796	0.01477413	0.01215040	-0.06037735	0.02342052	-0.06863835	0.00333044	-0.10750737	0.02321256	0.06979626	-0.00865909	0.04211881	-0.07501289	-0.07026825	-0.10932495	0.02263458	-0.05303498	-0.01254592	0.03977990	0.04231665	0.07215971	0.01157298	0.05181721	-0.01460959	0.01722741	0.01174463	-0.05335692	-0.06503615	-0.08421593	-0.05251232	0.03868608	-0.06298789	-0.02502156	-0.06840443	-0.00286117	0.08613032	0.04361797	0.18312700	0.06155020	0.01177156	-0.03380159	-0.07321795	0.11970567	-0.02403682	0.01853697	-0.09681293	-0.04281646	-0.05276388	-0.06002368	0.07795512	0.06288412	0.01425137	-0.13221371	0.07224656	-0.11662559	0.02632668	0.06212047	0.10235545	0.01548683	0.01263708	-0.04457069	0.02194830	-0.02007226	0.10206015	0.04594430	0.04131175	0.03930431	0.03643372	0.06874803	0.09649894	-0.00974490	0.02280268	0.06027547	0.02362200	-0.02499244	-0.05983140	-0.00378410	0.03492741	0.12458075	-0.00099903	-0.04520226	0.00292062	-0.01481936	0.01604462	-0.05152886	-0.00044078	-0.00332474	0.05329630	-0.08588410	0.03698375	-0.05567992	0.01640768	-0.00323053	0.00139183	0.09306467	0.00291471	-0.04552894	0.03215795	-0.02918959	-0.11624410	0.05495388	0.05073284	-0.04285948	-0.07663091	0.08000098	-0.03288259	-0.03659361	0.08548513	0.03234829	-0.03109106	-0.07199327	0.02617739	0.09381798	0.12301746	0.01941158	0.06691271	-0.04109320	0.07652288	0.01495146	-0.07866472	0.03596640	-0.11894667	0.05788061	-0.01798299	0.06796368	-0.06200089	-0.06108827	-0.14151500	0.03060760	0.07557919	0.01392742	-0.04449248	0.09585467	-0.04501403	0.02640427	0.02115510	0.06669182	0.02402685	0.07227395	0.03866179	0.09898134	-0.05205223	0.08163269	-0.11583835	0.05288436	-0.01999516	-0.07759470	-0.04492244	0.08270385	-0.01738924	-0.06659781	0.04908311	-0.01111094	-0.05142885	0.11032362	-0.11771545	-0.05214445	-0.08076664	0.06887229	-0.01455965	0.10595581	0.09446798	-0.02310192	0.00704934	-0.05382570	0.08982448	0.00860791	0.01240165	0.09754574	0.07829577	0.09531688	-0.11697904	0.11617186	-0.09475544	0.11739655	-0.00593218	-0.10833421	0.10421810	0.04787422	0.07458562	0.00085546	-0.06831498	0.03387786	0.11963251	0.08253230	-0.06801461	-0.03800608	0.10023139	0.09118252	0.01001792	0.02521453	-0.07071118	-0.00686655	0.01421922	0.00535083	-0.02777928	0.07036572	-0.04684995	-0.00278442	-0.04330216	0.02912909	0.01069091	-0.07837236	-0.02667558	0.00703540	0.04692328	0.05534401	0.03968967	-0.03288598	0.04412253	0.05442177	0.02631585	0.01090261	-0.05354949	-0.01934976	-0.04062483	0.00488257	0.04815859	-0.00900018	0.01874401	0.14793245	-0.00802647	0.05021059	-0.02766727	0.03394582	-0.03004728	-0.06784662	0.02527103	-0.06428302	-0.12468313	0.04662687	0.09060676	-0.12709516
0.00769340	-0.01012466	-0.01050219	0.06810819	-0.10021533	-0.03928724	0.07715872	0.04326548	0.06270473	-0.08311565	-0.03829258	0.10109520	-0.09099216	0.04583988	0.06012452	-0.10853811	0.11718944	-0.01504363	0.03354861	-0.06340747	-0.02389178	0.08163044	-0.01277725	0.02757288	0.00363002	0.04750537	-0.01354834	0.09293559	-0.06199519	-0.03821530	-0.05443073	0.01820256	0.11275020	-0.06382298	-0.01960718	-0.03556706	-0.00660805	-0.11086252	0.01897875	-0.11643928	-0.07815299	0.00647609	-0.06758974	0.04325494	-0.00398989	0.07689045	0.01698510	-0.01006728	0.03077391	-0.01862239	-0.03350454	-0.01049580	-0.06015370	-0.13961844	-0.04943851	0.01241752	-0.06930317	0.04838977	0.14092346	-0.00189630	0.05135971	0.12473444	0.07091676	0.02917404	-0.15051700	0.18786637	-0.06602880	0.10794225	-0.12147778	-0.02267222	-0.00353127	0.00032515	0.11051396	0.00286544	0.02934306	-0.01854560	0.03771937	-0.05557362	0.06767725	0.08338976	0.06315564	0.05333732	-0.00383380	0.00837546	0.01874957	-0.06920820	-0.00180272	0.01069996	0.00542309	-0.03800568	-0.12257358	0.05576780	-0.04996882	0.01241576	-0.09411699	0.05754873	-0.00279601	-0.10553464	0.04283414	-0.02772198	-0.04888752	0.01472743	-0.02182829	0.03182327	-0.03863269	0.01276914	0.02584933	-0.12676680	-0.02029425	-0.01197687	0.01252117	-0.06068975	-0.08935857	-0.05572121	0.12163457	-0.00247348	-0.02034675	0.05870127	0.01768505	0.01390215	-0.07027069	-0.06043217	-0.08249755	0.02559892	-0.02563869	-0.13717639	0.04275345	0.05780887	-0.05711547	0.03165840	-0.00900976	0.04173698	0.08468094	-0.04326203	0.04177672	0.04426580	0.00447864	0.02326430	0.07988659	-0.02544764	0.05272627	0.05211619	-0.06874013	0.02159866	-0.10970505	0.11612499	-0.03301191	0.09918474	-0.06262556	0.02502608	0.00104401	0.02452467	-0.03926505	0.01665674	0.03695798	0.08928291	0.00038670	-0.07067563	0.02932109	-0.00999904	-0.05171284	-0.03413273	-0.00586095	0.01627790	-0.09307759	0.04419779	-0.07651075	0.01675697	-0.09706261	-0.06161325	-0.08928680	-0.00110199	0.01011601	-0.07778787	0.02792316	-0.03465908	-0.04456058	0.05780894	-0.00470248	-0.03918316	0.07230464	0.03888758	-0.03743967	0.02974809	0.10732144	-0.08082206	-0.04232173	-0.06987014	0.09504498	0.02829676	0.01586983	0.08898634	-0.00800784	-0.00639898	0.01523334	0.07072174	0.00694034	0.09731102	-0.08146453	-0.10502209	-0.02531363	-0.02180920	0.05732292	0.12407090	0.01553434	0.12987778	0.02772301	0.02427813	-0.01031545	0.00197651	0.13123953	-0.00096214	0.02446587	0.06177443	-0.15050419	0.05519634	0.00476427	0.01422935	0.01265321	0.02286888	0.00424095	-0.00274615	-0.02782464	0.09768941	0.05878143	-0.07021576	-0.01951997	-0.05054878	-0.01745318	0.08745459	-0.05095310	-0.00012763	0.08974579	0.09857326	0.09601615	0.04484592	-0.04658130	-0.11911705	-0.02698829	-0.03199074	-0.03442865	0.06294107	0.04149135	0.01467297	-0.10380747	-0.02670396	0.00839262	-0.00748754	0.00767706	0.04218239	-0.10473093	0.00971957	-0.14091219	-0.01969397	0.01778369	-0.07274483
0.00707359	-0.00938191	-0.01237640	0.07185639	-0.09547522	-0.03746263	0.08074337	0.04382642	0.06149627	-0.08497941	-0.03387436	0.10181765	-0.09857000	0.04034425	0.06689970	-0.10567489	0.11357856	-0.01493643	0.02934556	-0.06645016	-0.02345760	0.07490022	-0.01962761	0.02627710	0.01393312	0.05490226	-0.00531378	0.09276283	-0.06348009	-0.03578274	-0.05075050	0.01234790	0.11198109	-0.06310032	-0.02031108	-0.03542708	-0.00361227	-0.10985208	0.01778124	-0.11492034	-0.07696307	0.00502322	-0.07397161	0.04506079	-0.00818814	0.07180287	0.02121263	-0.01599756	0.03524333	-0.01659537	-0.02771026	-0.01694080	-0.05529237	-0.13876589	-0.05207379	0.01352473	-0.07342036	0.04654159	0.14585403	-0.00071025	0.04633543	0.11897834	0.06413031	0.02689792	-0.15147547	0.19001897	-0.06789997	0.11045799	-0.11865004	-0.02114363	-0.00390431	-0.00637572	0.11387936	0.00506790	0.02731659	-0.01608252	0.03766398	-0.05169633	0.05938659	0.09032456	0.07059959	0.05667514	-0.00649863	0.01714835	0.01523443	-0.07416606	-0.00219570	0.01103534	0.00390447	-0.04023917	-0.12313605	0.06191880	-0.04772589	0.00651697	-0.09833055	0.06187865	0.00292397	-0.10665082	0.04298422	-0.02741898	-0.05197636	0.01559305	-0.02040958	0.03592508	-0.03891851	0.00652962	0.02434994	-0.12670928	-0.02208073	-0.01886486	0.01079804	-0.06472173	-0.08458837	-0.05650139	0.12325674	0.00136098	-0.01585969	0.06597415	0.01268422	0.02251532	-0.06969365	-0.06374992	-0.08713516	0.02343477	-0.02751591	-0.13975024	0.04423232	0.05613640	-0.05819373	0.03375005	-0.00356818	0.03981163	0.07984191	-0.04209469	0.04031672	0.04150810	0.01229117	0.02149287	0.07818847	-0.02924026	0.05166443	0.04811393	-0.05910676	0.02962486	-0.11010982	0.11991498	-0.03512144	0.08943425	-0.05999426	0.02175889	0.00053816	0.02646215	-0.03727094	0.01771421	0.04290543	0.08582770	-0.00010518	-0.06612954	0.03095695	-0.01562169	-0.04775072	-0.03388732	-0.00875863	0.02011988	-0.08519414	0.04130344	-0.07390475	0.01118801	-0.09132561	-0.06962304	-0.08582152	0.01018983	-0.00235279	-0.07317924	0.02983182	-0.03671483	-0.04741028	0.05690593	-0.00173317	-0.04185234	0.07198218	0.03693997	-0.03647822	0.02228306	0.11390085	-0.08774785	-0.04339281	-0.06926566	0.09195957	0.02892311	0.00971579	0.08936841	-0.00711436	-0.00725724	0.01640880	0.07220178	0.00056471	0.09698938	-0.07563724	-0.10739445	-0.02100413	-0.02371592	0.05523560	0.12842229	0.01166516	0.12587003	0.02159430	0.02280871	-0.01230362	0.00501759	0.13040248	-0.00244200	0.02176165	0.06553505	-0.14977001	0.06371322	0.00226166	0.01241999	0.01593357	0.01899403	0.00977691	0.00391468	-0.03320671	0.09081126	0.05892452	-0.07597857	-0.02130212	-0.05327831	-0.01758196	0.09499035	-0.04590385	0.00442965	0.08879425	0.09642901	0.08617321	0.04490576	-0.05015638	-0.11705252	-0.03215048	-0.03192409	-0.03005809	0.05687075	0.04366715	0.02055138	-0.10424051	-0.02755707	0.00582661	-0.01080280	0.01055963	0.04647503	-0.09780774	0.01213445	-0.14660703	-0.00840560	0.01209947	-0.07378882
0.01041536	-0.00992724	-0.00848926	0.07276630	-0.10363209	-0.04232926	0.07707875	0.04757000	0.07554893	-0.08501848	-0.03177864	0.10621675	-0.09559712	0.04157859	0.06251346	-0.10334994	0.11334087	-0.01612351	0.04075617	-0.06873800	-0.02327772	0.08598939	-0.01929224	0.03055311	0.00397882	0.04853223	-0.00758951	0.09520195	-0.05934471	-0.04019580	-0.05211074	0.01852732	0.10899290	-0.06442060	-0.02677511	-0.03607771	-0.00291532	-0.11007123	0.02052111	-0.11759105	-0.08020123	0.01077174	-0.07170872	0.03866177	-0.00355060	0.07597095	0.01832962	-0.01401978	0.03139618	-0.01832140	-0.02191628	-0.01084311	-0.05527115	-0.13913837	-0.05284626	0.01286559	-0.07450430	0.04815662	0.14602801	0.00204686	0.04697476	0.11942167	0.06792631	0.02827708	-0.14981662	0.18664685	-0.07195260	0.10414641	-0.11977228	-0.02403303	-0.00440782	-0.00799311	0.10068115	0.00196729	0.02816311	-0.01406079	0.03872691	-0.05061612	0.05788183	0.08427113	0.06980987	0.05471725	-0.00893093	0.01622332	0.01991813	-0.07451659	-0.00117942	0.00073210	0.00378242	-0.04325061	-0.11762662	0.06080107	-0.05394253	0.01340873	-0.09547753	0.05466738	-0.00748463	-0.10958088	0.04998191	-0.02755317	-0.05051276	0.01825997	-0.02454693	0.02941692	-0.03394049	0.00941262	0.02412449	-0.12386648	-0.01877903	-0.01990107	0.00909672	-0.05408438	-0.08975237	-0.05715713	0.12988734	0.00065884	-0.02468197	0.06469246	0.02611330	0.01857525	-0.07084808	-0.06326166	-0.08682624	0.02175491	-0.02647429	-0.14126118	0.04689858	0.06063255	-0.05476581	0.03803264	-0.00499807	0.03546272	0.08561426	-0.04655343	0.04329044	0.05529090	0.01333633	0.01875958	0.07691341	-0.02730033	0.05390428	0.04826647	-0.05791425	0.02462896	-0.10640741	0.11252560	-0.03341920	0.10148752	-0.05386772	0.02199192	0.00142652	0.01873465	-0.03699536	0.01631746	0.03687469	0.09058072	-0.00074089	-0.06790313	0.02716901	-0.01521160	-0.04846830	-0.03154370	-0.00347166	0.02036776	-0.08939653	0.04306154	-0.07266650	0.01271445	-0.09177371	-0.06648409	-0.09054198	0.00627270	-0.00016478	-0.07763959	0.02967646	-0.04254442	-0.04902222	0.06737994	-0.00302482	-0.03651408	0.06672408	0.03776557	-0.03987715	0.02361944	0.10993355	-0.08566679	-0.03919469	-0.06961335	0.08726371	0.03268416	0.01227669	0.08679844	-0.00151721	-0.01459348	0.01564429	0.06816419	0.00092988	0.09470706	-0.08501960	-0.11424814	-0.02353750	-0.02112362	0.06037864	0.12385822	0.01565791	0.12828118	0.02364602	0.03053796	-0.01322477	0.00662453	0.13462645	-0.00242474	0.01735075	0.07142501	-0.14652362	0.05740105	0.00620995	0.00754802	0.00951656	0.02701554	0.00272248	0.00664525	-0.03438427	0.09059938	0.05991293	-0.07208776	-0.01949652	-0.05510053	-0.01720907	0.09371647	-0.04299017	0.00705567	0.08362085	0.09708364	0.08374482	0.04667346	-0.04977442	-0.11172611	-0.02770791	-0.03059018	-0.03401628	0.05632347	0.04027207	0.01491661	-0.10072815	-0.02493048	0.00447154	-0.00890644	0.00848418	0.04678387	-0.10406672	0.01354556	-0.14174588	-0.01419806	0.00946234	-0.06335770
0.00670923	-0.01033816	-0.00716535	0.07015650	-0.09979562	-0.03642762	0.08058323	0.04973049	0.07545216	-0.08651368	-0.03555221	0.10918628	-0.09468748	0.03524912	0.06267519	-0.10398568	0.11459596	-0.01638126	0.03479468	-0.06597256	-0.02358852	0.07677249	-0.01320179	0.02963729	0.01273473	0.04682554	-0.00601910	0.08285041	-0.06800132	-0.04386084	-0.05105346	0.01323749	0.11385105	-0.06018051	-0.02097381	-0.03317423	-0.00576188	-0.11449029	0.02109393	-0.11083369	-0.07398923	0.01082010	-0.06859489	0.04815819	-0.00884955	0.07295550	0.01652857	-0.01707787	0.02833398	-0.01421783	-0.02706921	-0.01331063	-0.06744261	-0.13582249	-0.05154686	0.01632489	-0.07833146	0.05962105	0.14396672	0.00009435	0.04910536	0.11782788	0.06733388	0.02759689	-0.14743596	0.18443684	-0.07128025	0.11020985	-0.11695046	-0.01700481	-0.00490257	-0.00305045	0.10940372	0.00816685	0.03536331	-0.01150623	0.03343479	-0.05247506	0.06057349	0.08913229	0.06588637	0.05474732	-0.00685036	0.00708300	0.02088486	-0.07634678	-0.00223535	0.00989343	0.00859332	-0.04540786	-0.12228580	0.06184375	-0.05169484	0.01921429	-0.09179672	0.06334853	-0.00256804	-0.10727406	0.03964495	-0.02370847	-0.04484460	0.01638899	-0.02214247	0.03051576	-0.03321340	0.00222537	0.03269229	-0.12831883	-0.02264654	-0.01521352	0.01058625	-0.06141842	-0.08889520	-0.05322379	0.12380320	-0.00046905	-0.01654579	0.05459296	0.02411729	0.01620441	-0.07628074	-0.06699057	-0.08609328	0.02359544	-0.02531588	-0.13497627	0.04377696	0.05877238	-0.06013259	0.03223739	-0.00746707	0.03983719	0.08318245	-0.04389042	0.04073759	0.05110671	0.01259673	0.01903496	0.07391797	-0.02401406	0.05184507	0.04862797	-0.06716126	0.02566332	-0.11098458	0.11806814	-0.03119247	0.09553754	-0.06115080	0.01883588	-0.00070713	0.01748408	-0.03771378	0.01199265	0.04873891	0.09072166	0.00197479	-0.06686509	0.03451374	-0.01411045	-0.04955902	-0.03749015	-0.00844397	0.01540918	-0.09016281	0.04492281	-0.07108708	0.01504074	-0.09055719	-0.06904157	-0.09115311	-0.00195557	0.00281464	-0.08621015	0.02911604	-0.04113454	-0.04678595	0.06120688	-0.00496732	-0.03631028	0.07750022	0.03741756	-0.03947608	0.02635626	0.10553215	-0.08845723	-0.04591214	-0.06718750	0.08624218	0.02329519	0.01247029	0.08704908	-0.00492629	-0.01459630	0.01757130	0.06851428	-0.00017282	0.09368765	-0.08127612	-0.10454793	-0.01994943	-0.02129370	0.05809719	0.12534483	0.01495340	0.13200395	0.02795431	0.02704447	-0.01389233	0.00290728	0.12742086	-0.00581633	0.01737376	0.06681349	-0.14473514	0.05805017	0.00805419	0.00408657	0.01452970	0.02285465	0.00518095	0.00050441	-0.03172831	0.09688392	0.05761433	-0.07483200	-0.02408561	-0.04927899	-0.01556427	0.08854254	-0.04899251	0.00138892	0.08714602	0.09883284	0.08549298	0.04648188	-0.05082015	-0.11303277	-0.04257235	-0.02541309	-0.03219643	0.05941562	0.03979076	0.02547958	-0.10416654	-0.02557357	0.00347466	-0.01189708	0.01230863	0.04799511	-0.09958152	0.01018375	-0.14698806	-0.01082440	0.00671893	-0.07194957
0.02226058	0.02955646	0.08751995	0.09149388	-0.02967918	-0.04092725	-0.00419219	0.00181284	0.13247803	-0.01138736	-0.02032359	0.01346799	0.02597862	-0.02905986	-0.07465556	-0.03748954	0.04081341	-0.02124468	-0.00109030	0.05082477	0.07976250	0.10515014	-0.02526293	0.01951861	-0.06192354	0.01367768	0.00157591	0.05362454	-0.10042741	-0.01907028	-0.07004990	0.02464978	0.09559281	-0.02974317	0.02815906	-0.08044180	-0.05391162	-0.03917985	-0.11599185	-0.03897895	-0.03809834	0.00951458	-0.02482606	0.09446792	-0.00770956	0.04121392	0.02321749	-0.01476539	-0.01897269	-0.00601344	-0.09702592	-0.01290966	-0.08797180	-0.04128159	-0.00638435	-0.03744767	0.01361163	0.12835686	0.02399196	0.06313304	0.12348484	0.02274020	-0.05638491	-0.05726156	-0.04560700	0.08475216	0.04057916	0.06156702	-0.05259360	0.09045763	-0.00744880	0.02033463	0.12894744	0.04709598	0.10347662	0.01072666	0.04036542	-0.07354062	-0.04369850	0.08641437	0.03844237	0.09994307	0.04783313	-0.09359387	-0.01841837	-0.08089931	0.09747126	-0.08348212	0.01971042	0.06876380	-0.09381119	0.03675327	-0.04766988	0.04823520	-0.03148714	0.12246864	-0.07407317	-0.03618052	-0.04722615	-0.01398156	-0.03869314	-0.02403815	-0.09019420	0.04555502	0.03610000	0.06197992	0.04176291	-0.09402725	-0.05594806	-0.01704844	0.07584734	-0.05424089	-0.00761382	-0.07601858	-0.00459677	0.00400946	0.06031454	0.04322649	-0.08168253	-0.09034642	0.03970185	0.07344568	-0.00788711	-0.05823838	-0.01767472	-0.02477973	0.02345332	0.02598541	-0.07653204	0.02430394	-0.01231197	0.01073781	0.01155484	-0.00758531	0.13071708	0.01768231	0.14892122	0.00033229	0.05069323	-0.00334297	0.02996004	-0.02747717	-0.05077065	0.13167609	0.02671913	0.09337760	-0.14237365	0.02285814	-0.12697998	0.06536028	-0.12483646	0.07919590	0.04808447	-0.00508901	-0.03505327	0.11731089	-0.08320980	-0.08510683	0.12980546	-0.01245569	0.06038010	-0.04787930	-0.04144218	0.03955807	-0.07120030	0.14244480	-0.09088336	-0.00083665	-0.05200016	-0.07443994	-0.10674868	0.02110708	0.04622540	-0.07098980	0.11340156	0.03717183	0.06200802	0.08912215	-0.04211412	-0.01755870	-0.06030241	0.04850927	-0.01882100	-0.06584276	0.06912198	0.01275190	0.04630824	-0.04971060	0.11976121	0.04807315	-0.00829597	0.01706082	0.02740163	-0.05529664	-0.01338249	0.17456117	0.07126775	-0.05011064	-0.01123870	-0.03600417	0.02783832	0.16790706	0.01239570	0.06694171	0.03987223	-0.00267682	0.00418366	0.00250255	-0.07400935	0.00776121	0.15269881	-0.01409515	0.05857532	-0.00487036	-0.05289356	-0.02140749	-0.03114168	0.03520645	-0.02621056	0.07287326	-0.08849775	0.01981601	-0.03853330	-0.05970307	0.00070854	-0.06237547	0.04610729	0.02116035	-0.02757935	-0.02579297	0.08492658	0.07641248	0.06364530	0.06670357	0.02156463	0.02009155	-0.10105962	-0.01422700	-0.07640434	-0.04129878	0.03700677	-0.07274362	-0.06024912	0.07657650	0.02723908	0.00223774	0.00427804	-0.04513341	-0.03672279	0.02167676	0.04559411	0.01858688	-0.08299736	0.06167256	0.01192635	-0.07246717
0.02704471	0.02940106	0.09259093	0.09313057	-0.03244339	-0.04791176	-0.00025339	0.00055674	0.13580486	-0.00383155	-0.01681828	0.01262339	0.02178808	-0.01961335	-0.07059751	-0.04118942	0.04595120	-0.02572949	-0.00566086	0.05446057	0.08145554	0.10071717	-0.02175099	0.01856910	-0.06394561	0.00758091	0.00318523	0.04945299	-0.10451240	-0.01821199	-0.07231529	0.02891479	0.09758926	-0.03150579	0.02300460	-0.08073781	-0.05182744	-0.03567563	-0.11939380	-0.03750519	-0.03432310	0.00731436	-0.02767908	0.09136774	-0.00964192	0.04330600	0.02268557	-0.00872936	-0.02797538	-0.01495287	-0.08718380	-0.02606707	-0.09003542	-0.04254264	-0.01135674	-0.03377376	0.01569958	0.12868406	0.02595060	0.06406957	0.11599796	0.01827755	-0.05909800	-0.06030621	-0.05167997	0.08382048	0.03864356	0.06800561	-0.04615210	0.09060074	-0.01233614	0.02059709	0.12252427	0.03604906	0.10206205	0.00226970	0.04009057	-0.07833186	-0.04782341	0.09325009	0.03674825	0.08894797	0.05074741	-0.07914694	-0.02609158	-0.07953881	0.09810504	-0.08352382	0.01667556	0.06942978	-0.09346985	0.03484793	-0.05428443	0.04606628	-0.02956435	0.12793338	-0.06652686	-0.03368985	-0.04560536	-0.02321811	-0.02934858	-0.02012567	-0.08695293	0.04774310	0.04110485	0.05422465	0.03556242	-0.09599444	-0.05315295	-0.02005115	0.07226951	-0.06710450	-0.01439443	-0.08234073	-0.01057381	0.00151969	0.06278972	0.03578395	-0.07630626	-0.08344190	0.03996083	0.06211510	-0.00601749	-0.06046215	-0.02158865	-0.02473207	0.03236841	0.03093772	-0.08011764	0.02216310	-0.01478303	0.01167173	0.01281022	-0.00984704	0.13839230	0.02083725	0.13834910	0.00062200	0.04758726	0.00705889	0.02961470	-0.03036712	-0.03932573	0.13222581	0.02910007	0.09673085	-0.13259885	0.01899089	-0.13378339	0.07072734	-0.12087745	0.08100872	0.05275404	-0.00727272	-0.03935557	0.11798980	-0.09060846	-0.09682188	0.12766194	-0.01037366	0.06195446	-0.04797850	-0.04831387	0.03780894	-0.07083160	0.13832399	-0.09173566	-0.00187607	-0.05519449	-0.07522746	-0.10441405	0.01302491	0.04838277	-0.07890305	0.10926405	0.02997259	0.06501450	0.09092318	-0.03245167	-0.01611390	-0.05607664	0.04567154	-0.01886998	-0.06233076	0.07738955	0.01950866	0.05336814	-0.04591439	0.11767039	0.04426255	-0.01287276	0.01709240	0.03291151	-0.05420300	-0.00597645	0.17612837	0.07381301	-0.05432094	-0.01301803	-0.03831515	0.02705801	0.16303895	0.01018675	0.06292483	0.04142459	-0.00380805	-0.00237442	0.00471946	-0.06892294	0.01118269	0.15290819	-0.02183248	0.06156462	-0.00519760	-0.04833461	-0.02161855	-0.02742628	0.02715502	-0.02310727	0.08038950	-0.09068459	0.02665924	-0.03261094	-0.05435082	0.00626905	-0.06886302	0.04589231	0.01710306	-0.03101019	-0.03106918	0.08519354	0.08724269	0.06181216	0.06799556	0.02064677	0.00986205	-0.10791489	-0.02320317	-0.07598700	-0.03899184	0.03542981	-0.07499661	-0.05354934	0.07574499	0.02524898	0.00537384	0.00940251	-0.04710736	-0.04073538	0.01377629	0.04356838	0.02072315	-0.08808445	0.06130359	0.01079751	-0.06998055
0.02604177	0.02889542	0.08659739	0.09360389	-0.02869467	-0.05242108	-0.00099579	-0.00859995	0.13109635	-0.01730859	-0.01479879	0.00917205	0.02523047	-0.02695023	-0.07605855	-0.03914887	0.04795912	-0.02285443	-0.00774911	0.04659300	0.08368009	0.10116471	-0.02671907	0.02712882	-0.06130885	0.00283941	-0.00018644	0.05005276	-0.09654845	-0.01664991	-0.06588374	0.03350549	0.09796752	-0.02599451	0.03618683	-0.07714088	-0.05962384	-0.03359228	-0.12050498	-0.04532763	-0.03798002	0.01738274	-0.02481561	0.10020379	-0.01303589	0.04167809	0.02109906	-0.01281657	-0.02483391	-0.00903146	-0.08650630	-0.01898310	-0.08647087	-0.04463864	-0.00215988	-0.03605809	0.01715790	0.12716353	0.02436568	0.06049256	0.12187059	0.02064461	-0.06136145	-0.05156335	-0.04888696	0.08714189	0.03449203	0.06335244	-0.04783539	0.09119846	-0.00952706	0.01979322	0.12922804	0.04431598	0.10398193	0.00870243	0.03870440	-0.07290606	-0.04469348	0.09237991	0.04160900	0.09654365	0.04828832	-0.08813310	-0.02024990	-0.08118579	0.09703010	-0.08444954	0.02143363	0.07216231	-0.09733900	0.03560341	-0.05048088	0.04499201	-0.03064385	0.12184789	-0.07367033	-0.04283921	-0.04714555	-0.01234801	-0.03119573	-0.02306025	-0.09314638	0.04627143	0.03636600	0.05657711	0.03782748	-0.09549069	-0.05690913	-0.01967572	0.07595864	-0.06187645	-0.00574133	-0.07762978	-0.00899530	0.00281405	0.05881852	0.04299764	-0.07785124	-0.08377141	0.04270391	0.06915505	-0.00693683	-0.05463655	-0.01743729	-0.02667331	0.03134950	0.02773350	-0.06998451	0.02508638	-0.01651517	0.01742365	0.01736492	-0.01152336	0.13115665	0.01267222	0.13945253	0.00142513	0.04914282	-0.00076145	0.03424438	-0.03131772	-0.03774576	0.13030064	0.02982296	0.09868073	-0.13852273	0.01614145	-0.12954621	0.07154317	-0.12507176	0.08518081	0.05874777	-0.00837279	-0.03385726	0.12294924	-0.08005792	-0.08916751	0.13195463	-0.01688619	0.05527627	-0.04570265	-0.05873406	0.04139917	-0.06708370	0.14871638	-0.09905700	-0.00163217	-0.05123968	-0.06918760	-0.11150362	0.00640098	0.05179353	-0.07839666	0.11188649	0.03717449	0.05595103	0.08841591	-0.04248307	-0.01530021	-0.05937158	0.04660814	-0.01614269	-0.06346361	0.07625931	0.01310947	0.04841867	-0.04912963	0.10668200	0.03822816	-0.01558134	0.01887122	0.03419975	-0.05356119	-0.00682744	0.17115726	0.07291531	-0.05096986	-0.01658752	-0.03733473	0.02049136	0.16992623	0.00838930	0.06288596	0.03259946	-0.00335124	-0.00100871	-0.00242878	-0.06931962	0.00904256	0.14313546	-0.01257010	0.05703987	-0.00165968	-0.05673014	-0.02383221	-0.02508782	0.02773731	-0.02405163	0.08055352	-0.08819707	0.02057435	-0.03954092	-0.05766521	0.00771298	-0.06379230	0.04402676	0.02305058	-0.02081675	-0.03101858	0.08415116	0.08370088	0.06024724	0.06623091	0.02222470	0.01745088	-0.10774573	-0.01914221	-0.07447673	-0.03804251	0.03871002	-0.07106677	-0.05841787	0.07315120	0.02125195	0.00079563	0.00876913	-0.04585174	-0.04324734	0.01836062	0.03669681	0.02346371	-0.08401501	0.06260648	0.00687942	-0.07590598
0.01769582	0.02611755	0.09239287	0.09699432	-0.02913315	-0.04276953	-0.00348767	0.00134680	0.13292770	-0.01003976	-0.01659485	0.01430421	0.02727455	-0.02315590	-0.07580621	-0.03486669	0.04544906	-0.02451296	-0.00391848	0.05433730	0.07770379	0.10404239	-0.01957637	0.02544188	-0.05798344	0.01581172	0.00344026	0.04514219	-0.10586347	-0.01564597	-0.06307737	0.03318059	0.09484015	-0.02351343	0.03140632	-0.08285554	-0.05028991	-0.03877331	-0.11487625	-0.04492160	-0.03791042	0.01705980	-0.02270607	0.09620566	-0.01072317	0.03926602	0.01982061	-0.01041741	-0.02543054	-0.01229672	-0.08783331	-0.01752167	-0.09161760	-0.04762809	-0.00962365	-0.03721819	0.01397651	0.11913917	0.02444894	0.06150247	0.11932347	0.01515231	-0.05828141	-0.05490243	-0.05132293	0.08599602	0.03358013	0.06423978	-0.05721571	0.08834363	-0.00302699	0.02401086	0.13724597	0.04272620	0.10646179	0.00733456	0.04486748	-0.06912142	-0.04605295	0.09043729	0.04371521	0.09428553	0.04290445	-0.08396592	-0.02920592	-0.07690896	0.10131437	-0.08593353	0.01894373	0.07201190	-0.09431993	0.03325527	-0.05099936	0.04506183	-0.02560144	0.12571211	-0.07327840	-0.03176559	-0.04681848	-0.01854517	-0.03351448	-0.02136487	-0.09033756	0.04976515	0.03891242	0.05961574	0.04196319	-0.09289905	-0.05118195	-0.01581171	0.07816336	-0.05997110	-0.01145579	-0.07956752	-0.00576666	0.00730912	0.05911273	0.04131039	-0.07409792	-0.08730318	0.04342956	0.06726535	-0.01006108	-0.06285934	-0.01987814	-0.02899791	0.02642076	0.03267631	-0.08144804	0.01914224	-0.01073880	0.00832095	0.02140655	-0.01286369	0.13525492	0.01700836	0.13722716	0.00048602	0.04868929	0.00103930	0.03158516	-0.03013352	-0.04022512	0.12949575	0.02743662	0.09613170	-0.13372740	0.02202038	-0.12686250	0.06694126	-0.12017102	0.08080900	0.05591894	-0.00896128	-0.04008770	0.11718101	-0.08216373	-0.08854670	0.12853511	-0.01585666	0.05539557	-0.04701983	-0.04883306	0.04162486	-0.07489400	0.14139356	-0.09336039	-0.00589206	-0.05850013	-0.07585102	-0.10710501	0.00674536	0.05034938	-0.06840415	0.11788055	0.03539681	0.06060203	0.09046671	-0.03074564	-0.02200869	-0.05853744	0.04382307	-0.02371695	-0.06130607	0.07490623	0.01463129	0.04890746	-0.05239554	0.11290141	0.03611447	-0.01237785	0.01846407	0.02420177	-0.05912674	-0.00698399	0.17484502	0.06826169	-0.05019078	-0.01467261	-0.04092442	0.02911474	0.17429747	0.01427904	0.06425505	0.03621527	-0.00531239	0.00313980	0.00253112	-0.07090539	0.01300373	0.15306760	-0.01923509	0.05971332	-0.00376400	-0.04692595	-0.02253377	-0.02926631	0.03319732	-0.02667862	0.07350247	-0.08918987	0.03013726	-0.04278674	-0.04946040	0.00845705	-0.06221870	0.04923005	0.02500797	-0.03006812	-0.02555975	0.09160618	0.08049340	0.07086762	0.06270059	0.01873115	0.01661377	-0.10019742	-0.01393659	-0.07251635	-0.04849514	0.04229636	-0.07059845	-0.05587617	0.07939316	0.02569422	0.00041327	0.00458719	-0.04687634	-0.03534288	0.01562911	0.04263372	0.02152540	-0.08394127	0.05643722	0.01164846	-0.08181651
-0.08945876	0.04995827	0.06759101	0.02731552	-0.05828717	-0.01061915	0.07760348	-0.01711254	0.02766254	-0.01083782	0.10506946	0.00152398	0.01397458	-0.07149606	0.01962746	-0.11104848	0.07029302	0.06570260	0.00701970	0.04371072	0.01583864	-0.03171026	0.05588165	0.05307136	-0.00336899	0.03802809	0.09547327	0.04889379	0.05746634	-0.05476205	-0.14677353	-0.02776183	0.03340907	-0.02835114	-0.04714165	0.03805216	0.06824023	0.00607566	-0.05586693	0.16118336	-0.04904736	-0.01585976	0.01383361	0.05521944	-0.02281961	-0.02924346	0.01596923	-0.04929440	0.02579725	-0.02565238	-0.04648262	-0.06318775	-0.00119741	-0.01751013	-0.05923268	-0.01850097	-0.12241995	0.04466305	0.00487395	0.12613505	0.07846739	0.08575311	-0.02328322	-0.06452762	-0.13343427	0.21105440	0.07874229	0.00147562	0.00944403	-0.03325024	-0.01048495	-0.06339593	0.17163527	0.10404769	0.06639210	-0.02478088	-0.06620727	-0.08771333	-0.03397270	0.18240508	0.01019746	0.07041319	0.07189808	-0.03769260	0.01246240	-0.05812116	0.09964821	-0.01545111	0.00602407	-0.03685850	-0.09549755	0.08652022	-0.03511228	0.01301888	-0.02219112	0.03250933	-0.10965853	-0.03939353	-0.06731258	-0.03201095	0.03366342	0.12083446	-0.02296586	0.01742944	-0.05473949	-0.01633426	0.10849050	-0.10513401	-0.01806345	0.04211449	0.01493801	-0.06046343	-0.03457173	-0.09958369	0.07062238	0.10641297	0.09798432	0.07627320	-0.07070778	-0.01713954	-0.00221324	0.00976240	-0.16446523	0.02778770	-0.05575601	-0.10299207	-0.01549396	-0.00799951	-0.01917658	-0.04820581	0.00380803	-0.00515005	-0.02964057	-0.01413893	0.01695259	0.03369646	0.08468708	-0.00632801	0.04173971	0.01307216	0.06253442	0.08420958	0.05876809	0.02906531	-0.08805971	0.08275543	0.00155463	0.05465130	-0.00771997	0.05056525	-0.14915611	0.02263627	-0.01754785	0.05654557	-0.00855302	0.05008137	-0.02402764	-0.07896754	0.00743498	0.02740226	0.05675264	-0.02136902	-0.03528214	0.06055183	-0.04794639	-0.09827646	-0.06480793	-0.02091211	-0.08176687	-0.02597327	0.03297822	-0.04803898	-0.01464335	0.03732729	0.02901241	0.00426415	0.02963461	0.04776790	-0.08378606	-0.03471474	-0.05958470	0.10244530	0.01538520	-0.07233720	0.04375749	-0.02225662	0.04349528	-0.07065045	0.06543562	-0.05039325	0.10618214	-0.00275731	0.07497971	0.03947634	-0.06001604	0.10534446	0.12489554	0.03165631	0.03236875	-0.02163545	0.10480092	0.08583997	0.05814045	0.00943109	-0.00076052	0.05731471	0.01075581	-0.01954998	0.03632624	0.01406166	0.14142859	-0.10523124	-0.07148466	0.00115773	-0.09102209	-0.06163654	-0.03740369	0.02378447	-0.08307288	0.03503722	-0.03186585	-0.02873061	0.00721943	0.03204841	-0.02947206	-0.03224337	-0.08131260	-0.05096504	-0.02034788	-0.01829574	-0.03807342	-0.00445742	0.02955932	0.05458234	-0.02939707	0.10002654	0.03449016	-0.01641519	-0.05449397	0.07885376	0.09770266	-0.00541550	-0.01216589	0.04588313	0.00004524	-0.02929861	0.13815430	-0.01802637	0.06732081	-0.04707484	-0.03540201	0.02421053	0.02753367	0.07421005	-0.00017386	-0.07337350
-0.08700910	0.05003734	0.06479910	0.02401357	-0.06182697	-0.01536774	0.07377760	-0.01975125	0.03211745	-0.00373962	0.11107925	0.00931402	0.01200301	-0.07224516	0.02475109	-0.11221265	0.07442348	0.06374699	0.00129897	0.03733116	0.01605280	-0.03596630	0.04893338	0.06002593	-0.01471314	0.03831941	0.09162620	0.05206780	0.05068925	-0.05260815	-0.15105850	-0.02506790	0.03525730	-0.03482430	-0.05009357	0.02742473	0.06840795	0.01171115	-0.05344635	0.15768443	-0.06059167	-0.02109480	0.00904608	0.05901978	-0.02775851	-0.03467432	0.01343250	-0.04912215	0.02578570	-0.03178286	-0.04803716	-0.06810827	-0.00520503	-0.01130510	-0.06221236	-0.01820209	-0.12009052	0.04262597	0.00895931	0.13125101	0.08408418	0.08779787	-0.02761827	-0.05595123	-0.13498476	0.21334334	0.07739455	0.00660063	0.00748946	-0.03824915	-0.00640469	-0.06728799	0.17103714	0.11080658	0.07076219	-0.02228898	-0.06627081	-0.08972962	-0.03467875	0.17102158	0.00299761	0.07290882	0.06960552	-0.03212711	0.00555749	-0.05616122	0.09760451	-0.01463625	0.00484914	-0.03525997	-0.09798504	0.08405314	-0.03819030	0.01916633	-0.02290956	0.03551604	-0.11211891	-0.03377758	-0.07112784	-0.03680038	0.02751563	0.11924630	-0.01957409	0.01182557	-0.06274664	-0.01455625	0.10358005	-0.09737860	-0.01756805	0.03913734	0.00393040	-0.05807179	-0.03755628	-0.10424947	0.06596626	0.10026402	0.10349338	0.07749800	-0.07521628	-0.01302233	-0.00415012	0.00788876	-0.16530623	0.02875852	-0.05616600	-0.10702881	-0.01583238	-0.00992121	-0.01861196	-0.04909294	-0.00046043	-0.00763847	-0.02827685	-0.01365572	0.01487741	0.03798269	0.08162596	-0.00734152	0.03261530	0.01317489	0.05977559	0.08442447	0.05657564	0.03163718	-0.09520046	0.08301535	-0.00143930	0.05489251	0.00116143	0.05307963	-0.14679217	0.02829328	-0.00774434	0.05702951	-0.01350579	0.04101012	-0.02430607	-0.07211543	0.02078715	0.02435618	0.05762615	-0.02045931	-0.03014061	0.06526323	-0.04440538	-0.09431770	-0.07302647	-0.03093508	-0.07515050	-0.02817338	0.03434143	-0.05310247	-0.01186057	0.03547189	0.03057416	0.00450355	0.03009677	0.04917552	-0.07389361	-0.03132906	-0.05237453	0.10423824	0.01845035	-0.06390378	0.04604463	-0.02711975	0.04148541	-0.07076500	0.06737687	-0.05199408	0.11131521	0.00135185	0.07298791	0.04086430	-0.06236310	0.10329801	0.12379841	0.03998428	0.04040536	-0.02015403	0.10067168	0.08430760	0.05735891	0.01419555	0.00220727	0.06001527	0.01094470	-0.01573619	0.03595694	0.01936544	0.14452527	-0.10024478	-0.07547748	0.00494272	-0.09492496	-0.05679466	-0.03411366	0.01844878	-0.08273830	0.03975332	-0.02711013	-0.02479040	0.00510538	0.03820490	-0.02975224	-0.03691353	-0.08703179	-0.04806947	-0.02095351	-0.01567602	-0.03918813	0.00184948	0.03145517	0.05582220	-0.02498836	0.10069034	0.02750085	-0.01476847	-0.04887625	0.06741239	0.09691859	-0.01385404	-0.01658121	0.04118089	0.00504207	-0.02815656	0.13915139	-0.01946719	0.06732462	-0.04809074	-0.03333135	0.03325855	0.02768606	0.07158918	-0.00144010	-0.07222068
-0.08943276	0.05374290	0.07247629	0.02259971	-0.06072462	-0.01965992	0.07700478	-0.01847498	0.03379267	-0.01520188	0.10429969	0.00818802	0.01648894	-0.07532802	0.02745509	-0.10995346	0.06888846	0.05738811	0.00714411	0.03739577	0.01183138	-0.03922325	0.05736355	0.05312858	-0.00907613	0.04088275	0.09242152	0.04533885	0.05424442	-0.05450160	-0.14771552	-0.02732468	0.03334751	-0.03007789	-0.05081433	0.03091080	0.07214151	0.00987653	-0.05185168	0.16343881	-0.04998691	-0.01730950	0.00870183	0.05244471	-0.02372795	-0.02561611	0.01249062	-0.04583719	0.02557892	-0.03246832	-0.04653221	-0.07196231	0.00095062	-0.00668820	-0.05743133	-0.02276040	-0.11490587	0.04247253	0.00826478	0.13258432	0.07581338	0.08907887	-0.01982908	-0.05404194	-0.13532868	0.21132760	0.07552928	0.01132765	0.01267161	-0.03102637	-0.00678730	-0.06132101	0.18216139	0.10624254	0.07350150	-0.02735491	-0.07245775	-0.09039120	-0.02393686	0.17074534	0.00948681	0.07077015	0.07174125	-0.03075406	0.00549498	-0.04993816	0.09508929	-0.01785570	0.01167610	-0.02951395	-0.08562768	0.08485052	-0.03755842	0.01918432	-0.01831227	0.03941239	-0.11231727	-0.04416697	-0.06377115	-0.03627058	0.02740319	0.11492611	-0.02377607	0.01921084	-0.05909879	-0.01612790	0.10302827	-0.09840447	-0.02562267	0.04283341	0.00898402	-0.05676874	-0.03375311	-0.10091905	0.07376911	0.10136499	0.09463325	0.07837117	-0.07205686	-0.01674736	-0.00715240	0.00013200	-0.16069819	0.02994547	-0.05841194	-0.10169392	-0.01853610	-0.00931153	-0.01228941	-0.04299494	0.00399460	-0.00241667	-0.02722659	-0.01021056	0.01987272	0.04179759	0.08621223	-0.00683951	0.04121409	0.01491758	0.05856501	0.08341456	0.05195482	0.02602168	-0.08813188	0.08845922	0.00216400	0.05640327	-0.00301826	0.05465667	-0.14847012	0.01949058	-0.01992706	0.05958928	-0.01363752	0.05036670	-0.02970294	-0.07142793	0.01484631	0.02922040	0.05832269	-0.02526962	-0.03038419	0.06499838	-0.04723350	-0.09330519	-0.07499158	-0.02208151	-0.07754679	-0.02715459	0.03952356	-0.05357337	-0.01292253	0.02979267	0.03015412	0.00190514	0.03808451	0.05074286	-0.07840746	-0.03439637	-0.05629279	0.10157665	0.01632390	-0.06839689	0.03953967	-0.01927610	0.02989517	-0.06917853	0.06513015	-0.05580104	0.11400887	0.00104370	0.07398918	0.04487728	-0.05758730	0.10310344	0.12773366	0.03046080	0.03836427	-0.02382046	0.10153242	0.08631598	0.06210801	0.02385919	-0.00336689	0.05498611	0.01275149	-0.01928022	0.03485800	0.02364902	0.13541383	-0.10675114	-0.08050292	-0.00239327	-0.09299966	-0.05522740	-0.04301850	0.01783975	-0.07975446	0.03585179	-0.03444687	-0.03117246	0.00662146	0.03266812	-0.02943388	-0.04035072	-0.08261888	-0.04939036	-0.02150067	-0.02484498	-0.03951804	-0.00206496	0.03468560	0.05958308	-0.01892431	0.10367448	0.02440660	-0.02222607	-0.05100318	0.07752064	0.10207719	-0.01662593	-0.01008676	0.04081609	0.00046735	-0.03315518	0.14689186	-0.01436250	0.06952993	-0.04917172	-0.03479012	0.02869427	0.02831113	0.08223501	-0.00000594	-0.06454543
-0.08891167	0.05603440	0.06018973	0.01905864	-0.06247998	-0.02341709	0.07422673	-0.01708341	0.02338708	-0.00527467	0.10634101	0.00888012	0.01509106	-0.06806671	0.01471343	-0.10963198	0.06932593	0.06282311	0.00773075	0.04421291	0.01555835	-0.03524290	0.05712380	0.04888188	-0.00722864	0.03543379	0.09111535	0.04230239	0.05720755	-0.05452456	-0.14767914	-0.02673413	0.03273232	-0.03293304	-0.04312284	0.02791004	0.08057002	0.00836023	-0.05135828	0.15682518	-0.05039621	-0.01762327	0.01178178	0.05894530	-0.02465015	-0.02668691	0.00981860	-0.04525344	0.02981128	-0.03257289	-0.04340853	-0.06496733	0.00260612	-0.01559835	-0.05358924	-0.01645119	-0.11800200	0.04209121	0.00453485	0.12778434	0.08245325	0.09310549	-0.02497364	-0.05258189	-0.13387804	0.21193057	0.07756222	0.01011687	0.00771570	-0.02772210	-0.00884402	-0.07086837	0.17572643	0.11068514	0.06311078	-0.02799514	-0.07409928	-0.08698703	-0.03652615	0.17564674	0.00360194	0.07326142	0.07046719	-0.02736438	0.01481340	-0.05434646	0.10167252	-0.01370057	0.01398272	-0.02922949	-0.09057741	0.08365508	-0.03795379	0.02188374	-0.02908367	0.03249493	-0.10895972	-0.03947183	-0.06577208	-0.04064876	0.03243741	0.12470356	-0.02708325	0.01452757	-0.05852563	-0.00236390	0.09672681	-0.09859949	-0.02000890	0.04385785	0.00417367	-0.05901896	-0.04175169	-0.10486405	0.07855275	0.10094098	0.09994774	0.07987566	-0.07459915	-0.01171723	-0.01127261	0.00804136	-0.17349371	0.02972525	-0.05318917	-0.09979752	-0.01766764	-0.00456913	-0.00903321	-0.04206705	0.00651840	-0.00336428	-0.03477925	-0.01370916	0.02475284	0.04153395	0.08563948	-0.00835598	0.04218689	0.01792833	0.06220340	0.08504407	0.05237254	0.02946039	-0.08707258	0.09044548	0.00690302	0.06082873	-0.00339074	0.05024634	-0.15370235	0.01987731	-0.01236906	0.05571608	-0.01023263	0.04562374	-0.02649358	-0.08129647	0.01710060	0.02602860	0.05792780	-0.01680335	-0.03484545	0.06424001	-0.05082219	-0.09351229	-0.06906576	-0.02748042	-0.08224022	-0.03221622	0.03198203	-0.05355610	-0.01062265	0.02864227	0.02622366	0.00306069	0.02278170	0.05146040	-0.07908274	-0.02840634	-0.05933434	0.10476390	0.01989087	-0.06581061	0.04217071	-0.02372471	0.03176128	-0.06924868	0.06758635	-0.04801749	0.11172296	-0.00266362	0.07124287	0.04557678	-0.05657133	0.10817611	0.12514587	0.02568213	0.03726939	-0.01566887	0.10094240	0.08421312	0.05763231	0.01410401	0.00273438	0.05662030	0.01402997	-0.01515587	0.03725586	0.02175198	0.13978390	-0.10687219	-0.07408292	0.00187872	-0.08516380	-0.05741914	-0.03429671	0.02520960	-0.07536278	0.03475794	-0.02534970	-0.02705158	0.00193589	0.03206846	-0.02954906	-0.03282166	-0.07790293	-0.05189493	-0.02397106	-0.01941454	-0.03681943	-0.00343181	0.03365816	0.05727806	-0.02612749	0.10386786	0.02701383	-0.01887916	-0.05100367	0.08087605	0.10460303	-0.01134685	-0.01012629	0.04705070	-0.00383873	-0.03444668	0.13854830	-0.01615955	0.06840456	-0.04808123	-0.02896664	0.02670449	0.03298056	0.07338322	-0.00230002	-0.06837780
0.09837485	-0.07776932	-0.01925746	0.08195967	-0.05746773	0.07804757	0.05011753	0.06303821	0.07348783	0.06252766	0.00345158	0.06399420	0.07946195	-0.11733925	0.03629671	-0.08874121	0.02807871	0.03533702	-0.01229377	0.05052550	0.06915656	0.12974362	-0.01729911	0.11628091	0.00362697	0.05400853	0.01938408	0.02824418	0.01692178	-0.07146405	-0.16994904	-0.00219389	0.02859949	-0.00653898	-0.03505405	-0.05751565	-0.14662294	-0.07391500	-0.04814592	0.01532697	0.01383406	0.07740458	0.08676592	0.06958011	0.00665591	0.00817086	0.02265334	-0.02375832	0.03758066	-0.02356004	-0.08463881	-0.00503439	-0.05944888	-0.01729035	-0.06419652	-0.05381545	-0.02111811	0.03025479	0.03705677	0.01196632	-0.03494431	0.05140704	0.08882792	-0.02721729	-0.09932506	0.11977638	-0.04277597	-0.01915655	-0.06340519	0.07902260	0.04726980	0.01944969	0.06937205	-0.08157578	0.09885367	-0.08376304	-0.04165039	-0.17982508	0.04773320	0.01416801	0.03854593	0.00199166	0.03391155	0.04109196	0.05740790	-0.02905080	0.08274528	0.00579538	0.03945903	-0.11306207	-0.01977810	0.09137462	-0.06565027	-0.06067529	-0.02601218	0.05124461	0.01711811	-0.01824425	-0.05132231	-0.00225587	-0.07073060	0.08346230	-0.05029153	0.04346845	0.04316576	-0.02744424	-0.00537517	-0.14929099	-0.06756821	0.07225900	0.10342510	-0.03202521	-0.03071440	-0.07320928	0.06090320	-0.00622020	0.02209063	0.10467996	0.00615417	-0.01283866	-0.05274073	-0.04589568	-0.05906813	0.03344502	-0.03695764	-0.07899104	-0.00796060	0.06179451	-0.07468669	-0.04722882	-0.06612682	0.00339638	0.04221218	0.06989820	0.02485951	0.11791569	0.03580002	-0.05768049	0.02357918	-0.03151485	0.04026201	0.15856354	-0.09851763	0.06802431	-0.09071080	-0.01884245	-0.10808190	0.13021928	-0.02439158	0.04915305	-0.09101188	-0.09019274	0.04458362	0.02814232	-0.03769381	0.11742729	0.05865003	0.01254959	0.03656583	0.02529689	0.03703906	0.03884585	-0.01314574	0.05252646	-0.07924333	0.13241185	-0.09507818	0.04600303	-0.09372734	-0.04157234	0.04207281	0.07112364	0.06152470	-0.01312157	0.06718586	-0.08837683	0.04242871	0.10556567	-0.07250416	-0.04856545	0.06019977	0.06053447	-0.01197373	-0.03205534	0.11977350	-0.07435137	-0.02007186	-0.02878154	0.12124320	-0.01049345	-0.00526355	0.16724129	0.05449514	0.00087976	0.03338655	0.05006758	-0.00671004	0.03084032	-0.00767550	-0.03666486	0.07527017	0.09660342	0.08204311	0.09365681	0.06100176	0.02547175	0.06419770	-0.02667627	0.04092040	-0.02498120	0.00538607	0.01821072	0.06868201	0.00896948	-0.13553949	0.05609085	0.00312843	0.07885610	0.05886927	0.06518342	-0.01749760	0.01215956	-0.04540267	0.03705753	0.02474883	0.02333233	0.04075995	0.02990221	-0.06092001	0.03198729	-0.00139297	0.01714874	0.03403903	0.03290571	0.07990590	0.01049476	0.03580540	0.01959164	-0.01568555	-0.01393439	0.05075768	-0.06840611	0.05434250	0.09096586	0.06012018	0.01636617	-0.07005177	-0.01183846	-0.06312092	-0.02235056	0.01995367	-0.00813355	-0.02122740	0.04316955	0.04704503	-0.08522514
0.09357941	-0.07911667	-0.01769201	0.08149976	-0.06327783	0.07344764	0.04949480	0.06836431	0.07250416	0.05941442	0.00607998	0.06119698	0.07852575	-0.11330781	0.03424518	-0.09588673	0.02201079	0.04416085	-0.00410353	0.05037777	0.06635515	0.12891915	-0.01717731	0.10703520	-0.00075250	0.04512496	0.02430410	0.02168325	0.01053835	-0.06580050	-0.17263159	-0.00746373	0.03225726	-0.01214291	-0.03003431	-0.05418375	-0.14335136	-0.06604584	-0.05772202	0.01590049	0.01232369	0.07443267	0.07609776	0.06320693	0.01062295	0.01219838	0.01588540	-0.03186435	0.03923280	-0.02477624	-0.08650661	0.00598061	-0.06326664	-0.01256575	-0.06926063	-0.06097379	-0.02092772	0.03900407	0.03893796	0.00964927	-0.02674823	0.04986382	0.08869739	-0.02447498	-0.10204700	0.12106069	-0.04885728	-0.01496035	-0.06615255	0.08283252	0.04195954	0.01681889	0.07486039	-0.08564059	0.09356885	-0.08621616	-0.04938034	-0.18670808	0.04632804	0.01898016	0.03205832	-0.00357020	0.03050893	0.03787807	0.06742053	-0.02702377	0.08630291	0.00454644	0.03908148	-0.11151449	-0.01838028	0.08949164	-0.06470873	-0.05831074	-0.02698499	0.05267903	0.01944312	-0.01073624	-0.05072933	-0.00242259	-0.07237782	0.07987808	-0.05827274	0.04776296	0.04110105	-0.02864034	-0.00677868	-0.14503881	-0.06286495	0.07106944	0.10254550	-0.03317058	-0.03161572	-0.07480520	0.06415199	-0.00500903	0.02738955	0.10315107	0.00721023	-0.01807680	-0.04797756	-0.04549193	-0.05048483	0.03194277	-0.03154870	-0.08437203	-0.01003167	0.06321752	-0.07571150	-0.04584840	-0.06698827	0.00548066	0.05301780	0.06489021	0.01592760	0.12046187	0.03626987	-0.05550561	0.02389130	-0.02861046	0.04596281	0.16167367	-0.09264594	0.06862690	-0.09442269	-0.01384477	-0.10874423	0.12567417	-0.03217077	0.04452767	-0.09009913	-0.09506363	0.04732554	0.03382342	-0.03768630	0.11901327	0.05664114	0.01702115	0.03172149	0.02846942	0.04045270	0.03987559	-0.01409078	0.04338443	-0.08154070	0.12480311	-0.09314609	0.04294807	-0.08930445	-0.03907420	0.04725834	0.06255326	0.06812526	-0.01679984	0.06786320	-0.08602931	0.04091905	0.10912350	-0.07388878	-0.05103384	0.05960646	0.05378542	-0.01301741	-0.03917015	0.11833832	-0.07730754	-0.01506130	-0.03476368	0.12848046	-0.01637111	-0.00587795	0.16537553	0.05434345	-0.00001248	0.02919138	0.04586741	-0.00805145	0.02321081	-0.00691556	-0.04467714	0.08380815	0.09449455	0.08228373	0.10036172	0.06517825	0.02198165	0.05569582	-0.02156174	0.04341159	-0.02558047	0.00290500	0.01817912	0.06736388	0.01425083	-0.13554125	0.05711912	0.00424882	0.08044552	0.06039351	0.07013550	-0.01801021	0.00827067	-0.04368157	0.03390833	0.02887415	0.01537837	0.04706959	0.02464143	-0.06025633	0.03644488	-0.00026784	0.01485665	0.03384320	0.02663289	0.07196109	0.01275685	0.03468805	0.02760596	-0.01904826	-0.01248523	0.04647496	-0.07002939	0.05445816	0.08933467	0.05935849	0.01933548	-0.07316220	-0.01576939	-0.05980294	-0.01813512	0.01784154	-0.01097499	-0.02322476	0.05274004	0.04618889	-0.08654825
0.09724302	-0.08277223	-0.02062505	0.07879665	-0.06232228	0.08017639	0.05025283	0.06098992	0.07022645	0.06655062	0.00584227	0.05912569	0.06881019	-0.11036593	0.02806397	-0.08643061	0.02714010	0.03823670	-0.00578291	0.05001973	0.07115538	0.12664185	-0.01897919	0.11184386	0.00305202	0.04699222	0.02596606	0.02116128	0.00707713	-0.07572968	-0.16686726	-0.00288755	0.02243792	-0.01201238	-0.03366606	-0.05740397	-0.14622696	-0.07407370	-0.05370580	0.01557089	0.01714503	0.07323340	0.08018392	0.07606272	0.00926440	0.01020397	0.02212971	-0.02762807	0.03797355	-0.02834636	-0.08260371	-0.00034103	-0.06323057	-0.01283475	-0.06390766	-0.06319609	-0.02209542	0.02748070	0.03631668	0.01095807	-0.02813129	0.05132360	0.08642859	-0.03077396	-0.09518086	0.12371515	-0.04553881	-0.01645926	-0.06296398	0.07848436	0.04529538	0.01529795	0.07846594	-0.08792174	0.09139276	-0.08415625	-0.04909722	-0.18745187	0.04432387	0.01805219	0.03219841	0.00199230	0.02793331	0.04413852	0.06790875	-0.02976554	0.08020616	0.01062550	0.04190161	-0.11443703	-0.02067312	0.09220258	-0.06723004	-0.05037976	-0.02589460	0.05050506	0.02014190	-0.02021125	-0.05153183	-0.00088293	-0.07348097	0.07717792	-0.05674527	0.05305466	0.03775690	-0.03365991	-0.00759476	-0.14997165	-0.06783005	0.07658911	0.10202476	-0.03549021	-0.03172222	-0.07725789	0.06118407	-0.00159883	0.02833446	0.10282087	0.00979572	-0.01884541	-0.04953749	-0.05091403	-0.05528928	0.02824678	-0.03403501	-0.08335783	-0.00624461	0.06539966	-0.07794428	-0.05099555	-0.06453563	-0.00029200	0.04692486	0.06392402	0.02822490	0.11391395	0.04150479	-0.05284042	0.02260839	-0.03251521	0.04398032	0.15762551	-0.09955546	0.06785721	-0.09059133	-0.01506953	-0.10638436	0.13013181	-0.03294235	0.04630544	-0.09204339	-0.09664585	0.04871251	0.03374454	-0.03380853	0.11865132	0.05920203	0.01242674	0.03532167	0.03132340	0.04391922	0.04109715	-0.01351255	0.04740446	-0.08351794	0.12949559	-0.09250923	0.04553504	-0.09088176	-0.04102133	0.04935285	0.07020162	0.05824281	-0.01721640	0.06646057	-0.08208352	0.03702796	0.10766930	-0.06356998	-0.04684625	0.06814471	0.05861709	-0.00796932	-0.03659806	0.13014401	-0.07263981	-0.01598702	-0.02585504	0.13183829	-0.01086602	-0.01126651	0.16524656	0.05552546	0.00164027	0.03364971	0.04945832	-0.00596322	0.02625305	-0.00422229	-0.04509159	0.07331140	0.09543372	0.07777867	0.08855512	0.06000255	0.02318802	0.05240046	-0.02078125	0.04859988	-0.01786866	0.00939268	0.01573332	0.06232399	0.01374088	-0.13682993	0.05838871	0.00389826	0.07827389	0.05535375	0.06187766	-0.01703141	0.01719516	-0.04297044	0.03061391	0.02568047	0.01625342	0.04284547	0.02871969	-0.06542857	0.03349507	0.00296366	0.01121871	0.03050553	0.03352020	0.07080085	0.01157295	0.03166556	0.02781988	-0.01730537	-0.01589615	0.05160325	-0.07339721	0.05176989	0.08927949	0.05109515	0.01895663	-0.06359876	-0.01270781	-0.06707034	-0.02125834	0.01250078	-0.01406511	-0.01836784	0.05302591	0.05111824	-0.08998701
0.10079844	-0.07958319	-0.01779724	0.08120837	-0.05850251	0.07448941	0.04804257	0.07081924	0.07368238	0.06488335	0.00561291	0.06635027	0.07200836	-0.10704208	0.04024958	-0.09207018	0.02297579	0.03808267	-0.01272917	0.05144518	0.06957296	0.12876683	-0.01001675	0.12143023	0.00460616	0.04346664	0.02553492	0.02618577	0.01395559	-0.07676800	-0.17003657	-0.00223366	0.02092336	-0.01120894	-0.03909642	-0.06168337	-0.14591891	-0.07131628	-0.05267787	0.01638456	0.01419054	0.07651355	0.08211397	0.06959496	0.01413301	0.00490773	0.01623200	-0.02895133	0.04168608	-0.02940775	-0.07936169	0.00400352	-0.05966453	-0.01401520	-0.07013525	-0.05996065	-0.02553174	0.02718583	0.03812040	0.01494505	-0.02827172	0.05376438	0.08999016	-0.02852606	-0.09874025	0.12001538	-0.04629570	-0.01767402	-0.05892179	0.07861507	0.04538020	0.01564678	0.07396769	-0.08608104	0.09793401	-0.08832668	-0.04750026	-0.18392320	0.04165825	0.01687394	0.02888038	-0.00471649	0.02615111	0.04369192	0.06398496	-0.02935652	0.08298113	0.00724333	0.03827877	-0.11973200	-0.02170444	0.08914184	-0.05982362	-0.05661968	-0.02518717	0.05654513	0.02164170	-0.01639824	-0.05184728	0.00598525	-0.06937910	0.07887703	-0.05554530	0.05029230	0.04880246	-0.03870091	-0.00882587	-0.14094874	-0.06569682	0.07130130	0.10480546	-0.03354444	-0.03210641	-0.07864176	0.06243685	-0.00598547	0.02321015	0.09909723	0.00510439	-0.01134795	-0.05051405	-0.04503353	-0.05185338	0.02526159	-0.03861358	-0.08226823	-0.00904192	0.06362197	-0.07740850	-0.04460404	-0.06295893	0.00524554	0.04556467	0.06628257	0.01905301	0.10853792	0.03903224	-0.05732236	0.02394099	-0.03371074	0.04835368	0.15271270	-0.09586175	0.06390493	-0.09311588	-0.01923318	-0.10753804	0.12390278	-0.02753413	0.04316134	-0.08290026	-0.09533371	0.04455071	0.03043986	-0.03423740	0.11755148	0.06204766	0.01215191	0.03099746	0.02318053	0.04964162	0.03781368	-0.01413050	0.04762401	-0.08222166	0.13088548	-0.09321824	0.05122353	-0.08557507	-0.04041778	0.04451812	0.07499253	0.06512202	-0.01270381	0.06599685	-0.08670390	0.04641564	0.10794571	-0.06973564	-0.05163084	0.05974429	0.05539595	-0.01066084	-0.04043824	0.12242043	-0.07089274	-0.01562805	-0.03399780	0.13036437	-0.01266116	-0.00626800	0.16733897	0.06203701	0.00265280	0.03475921	0.05689634	-0.00256393	0.03005283	-0.01591986	-0.04468680	0.07802764	0.09183089	0.07513368	0.09291780	0.05837534	0.02204830	0.05621313	-0.01693623	0.04202260	-0.02554831	0.00733318	0.01762089	0.06753467	0.01373212	-0.13268283	0.05864714	0.00591902	0.07506157	0.05915578	0.06702369	-0.01866303	0.01507073	-0.04619047	0.02548619	0.02803885	0.02219022	0.04360291	0.02461596	-0.06533943	0.03671253	-0.00339194	0.01291531	0.03410377	0.02853896	0.07915973	0.01379905	0.03526528	0.02234413	-0.02023785	-0.01388478	0.05184149	-0.06787364	0.05569551	0.09063001	0.05297877	0.01892092	-0.06778126	-0.01607189	-0.06545372	-0.02537344	0.01895621	-0.00826591	-0.02188602	0.05351286	0.05420064	-0.08933386
-0.02012852	-0.03802739	-0.01300503	-0.05128912	-0.07846604	-0.14603415	0.02464898	0.03715144	-0.02225050	-0.06116416	-0.00208019	-0.01077991	0.08726275	-0.00143674	0.13727507	-0.02457911	0.02015425	-0.10272615	0.03906189	0.13528001	-0.02965882	0.06379146	0.02779180	0.05208901	0.09959305	0.06210405	-0.07583332	-0.09702705	-0.07831451	-0.08749200	-0.00276161	-0.08872791	0.10100953	-0.21441667	0.01107304	-0.03148399	-0.06597908	-0.07652248	-0.05206334	0.04163648	-0.01058479	-0.04356976	-0.01689982	0.07291166	0.05526068	0.00287016	0.04016996	0.08406737	0.02555518	0.02143894	-0.07542813	-0.02564815	0.00384090	0.04527995	0.01592243	-0.06239605	-0.07754162	-0.00072182	-0.00078583	-0.09873599	0.03615776	0.02301438	-0.00029400	0.00842040	-0.09459958	0.12564000	0.03918355	0.09569990	-0.07818994	-0.07816536	0.05564960	-0.01976643	-0.07771696	0.06198313	-0.05389952	0.00048978	-0.10161746	0.05009022	0.02741450	0.01640019	0.05961072	0.01630458	0.03932258	-0.05839220	0.13168435	0.03403641	0.02138759	-0.02260480	-0.04704576	-0.03276191	0.03824970	0.08191551	0.10645632	-0.00542593	-0.02465949	0.09530080	-0.01505028	-0.00852085	0.03722526	-0.02302811	0.00556696	-0.08355446	-0.02001397	-0.07849329	-0.03904397	-0.03209457	0.00456269	-0.00567747	0.07967877	0.05384259	-0.00788608	-0.07591517	0.00742656	-0.06204052	0.04327887	0.02854395	0.01931889	0.06308707	0.01515416	0.06577226	0.02708210	0.05807998	0.13824005	-0.03682594	-0.09116034	-0.00863527	-0.12064309	-0.02891378	0.02703617	-0.08814203	0.04899068	-0.01080298	0.10427770	-0.09065334	0.03808898	0.04530929	-0.00779997	0.13156973	0.05620284	-0.02029735	-0.05294450	-0.07922456	-0.07043635	-0.01876063	0.05902537	0.05252525	-0.07187179	-0.06639972	0.10043304	-0.04952660	0.15005973	-0.06103197	0.01879982	-0.00260557	-0.05346270	-0.00885390	-0.03227236	-0.03481412	0.06644479	-0.05664469	0.07138786	0.02936838	0.02203624	-0.06793424	-0.01671094	0.08892711	-0.04578427	0.00271199	-0.02119336	-0.01451886	-0.03558398	-0.01666840	-0.04440067	-0.01480071	0.01176767	-0.08000603	0.07555686	0.12109161	0.09007971	0.01499383	-0.04685923	-0.10382283	0.01190953	-0.02695582	0.03683882	-0.02145928	0.09655151	-0.01086952	-0.01648857	-0.01027210	0.01388272	0.07092746	0.06949324	-0.02813411	0.09807283	-0.03525561	0.02670439	-0.05007733	-0.01427084	0.00069825	0.00360371	-0.10650481	-0.11863470	-0.07520264	-0.07317724	0.03289672	-0.06370278	-0.09445538	-0.00451376	-0.04911220	-0.15573852	-0.13319170	-0.01353003	0.01793467	-0.01980131	0.06312637	0.00264950	0.05184121	-0.04015704	0.03990959	-0.01992979	-0.06224346	0.00177523	-0.01086311	0.01587692	-0.02879049	-0.04542004	-0.01640439	-0.16676655	-0.10650407	-0.06296543	-0.09064046	-0.04983067	-0.00113458	0.02252624	0.03090759	-0.00741707	-0.03816021	0.02183939	0.06667507	-0.04839705	-0.04709889	0.00476457	-0.02046105	-0.03292732	0.03815380	0.12104011	-0.10328295	0.00316803	-0.08197104	0.10256749	0.02812047	0.07283965	0.05460807	0.04255592	0.03964181
-0.02226217	-0.03610263	-0.01341285	-0.04600131	-0.07314042	-0.14213592	0.03213328	0.03777846	-0.02254502	-0.06856527	-0.00071537	-0.00733558	0.08598349	-0.01045612	0.13889919	-0.02682417	0.01336074	-0.10578506	0.03897922	0.13897410	-0.02768320	0.05979907	0.02609543	0.06046148	0.09758940	0.05768533	-0.07666995	-0.09922997	-0.07600995	-0.07730993	-0.00575461	-0.08766534	0.10165817	-0.20747440	0.01164909	-0.03373789	-0.07293860	-0.07380778	-0.05462357	0.03423849	-0.01062398	-0.04744662	-0.01943159	0.07617947	0.06593186	0.00288795	0.04009933	0.08591910	0.01983550	0.02125021	-0.08024742	-0.02159445	0.00134244	0.04757495	0.01541909	-0.06888141	-0.07705631	-0.00704118	0.00353679	-0.10206590	0.04189664	0.01832591	0.00628965	0.01736275	-0.10537504	0.12085738	0.03113138	0.09375387	-0.07829642	-0.07666779	0.05590549	-0.02534434	-0.07463222	0.06159183	-0.04774913	-0.00449751	-0.09713471	0.04531598	0.02590932	0.01026267	0.05789028	0.01341384	0.03420522	-0.05959181	0.12791875	0.03511133	0.01670139	-0.02121191	-0.05791140	-0.03039565	0.03689347	0.08644469	0.10530856	0.00165424	-0.02290023	0.09785057	-0.01465314	-0.00002704	0.03252126	-0.02252179	0.01532331	-0.08399399	-0.01787669	-0.07916754	-0.03678637	-0.03010736	0.00856873	-0.00855999	0.07368625	0.05788716	-0.01048313	-0.07414917	0.01131452	-0.06185866	0.04079062	0.02663444	0.02552651	0.05766640	0.01398573	0.06245149	0.02191471	0.05706149	0.14252272	-0.03778142	-0.09744069	-0.00779293	-0.11866789	-0.02297453	0.03553506	-0.08566511	0.05278442	-0.01781534	0.10376903	-0.09268685	0.04682904	0.03864457	-0.00900848	0.13421103	0.05110420	-0.02048389	-0.05579046	-0.07985420	-0.06179142	-0.01910262	0.05649259	0.05548947	-0.07865448	-0.07174736	0.10210677	-0.04488738	0.14735450	-0.07029621	0.02577272	-0.00221166	-0.04608646	-0.01339462	-0.03288632	-0.02724877	0.06322268	-0.05456026	0.06651422	0.03331077	0.01539385	-0.06441897	-0.01114038	0.08601063	-0.04870351	0.00509443	-0.02415621	-0.01450039	-0.03035818	-0.01588281	-0.04744526	-0.00950825	0.01222384	-0.08092374	0.08021788	0.11961637	0.09253553	0.01520933	-0.04543585	-0.10137850	0.01404092	-0.03417153	0.03949468	-0.01706348	0.09551333	-0.00516335	-0.01267143	-0.00467379	0.00287632	0.06453739	0.07487004	-0.02460787	0.09780736	-0.03138008	0.02457484	-0.04674166	-0.02188698	0.00262574	0.00422307	-0.10250066	-0.11604501	-0.07238073	-0.07370335	0.03019720	-0.06793517	-0.08472777	0.00159059	-0.04576097	-0.15159351	-0.13310702	-0.01381434	0.01598193	-0.02216344	0.07194637	0.00683238	0.05418849	-0.04785405	0.04826852	-0.01814834	-0.06591728	0.01233243	-0.00627079	0.01132210	-0.02077972	-0.04240551	-0.01697767	-0.16822182	-0.11045547	-0.06987749	-0.08268584	-0.04481362	-0.00321666	0.02447932	0.03197851	-0.01045452	-0.04186489	0.01974214	0.06752165	-0.05585488	-0.04756325	0.00764815	-0.01447277	-0.04193551	0.04467493	0.12577589	-0.10650831	0.00128404	-0.07633481	0.10306122	0.02718308	0.07976632	0.05767623	0.04367131	0.03744417
-0.02284790	-0.03417192	-0.00658409	-0.05450130	-0.06686066	-0.14653088	0.02545341	0.04062709	-0.02919721	-0.07081579	-0.00211321	-0.00176360	0.08970571	-0.00547148	0.14081812	-0.02905405	0.01783082	-0.09876908	0.03804410	0.13908632	-0.03139768	0.06443255	0.03163772	0.05765005	0.09960903	0.06655079	-0.07751317	-0.10076915	-0.08045857	-0.08212407	-0.00020125	-0.09260237	0.09362949	-0.21471611	0.00271249	-0.03454118	-0.07613847	-0.07225212	-0.05546496	0.04036641	-0.00354879	-0.04465004	-0.01979128	0.07653770	0.05871611	0.00045201	0.04595837	0.08838954	0.02497913	0.02341630	-0.07869269	-0.02675550	-0.00233795	0.04115253	0.01345722	-0.05647364	-0.07468196	-0.00970421	-0.00093780	-0.09449740	0.03362771	0.01995613	0.00401690	0.01120638	-0.10381031	0.12482132	0.03211318	0.10130703	-0.08029583	-0.07287302	0.05672840	-0.03132916	-0.07441258	0.06059749	-0.05164164	-0.00229808	-0.10101079	0.04714887	0.03290715	0.01543483	0.05683249	0.01975082	0.03508854	-0.05564110	0.13599588	0.03476106	0.02230912	-0.02507572	-0.04866453	-0.02446419	0.04134684	0.08652405	0.10359727	-0.00433666	-0.02525058	0.09652399	-0.01825526	-0.00484385	0.02927756	-0.01645000	0.01142536	-0.07899055	-0.01811334	-0.07894307	-0.03805092	-0.03763563	0.00330756	-0.00024431	0.07589567	0.05611610	-0.00109169	-0.07465535	0.01560743	-0.06422690	0.03590803	0.03016885	0.02573178	0.05558550	0.01332901	0.06693338	0.02222916	0.04788024	0.13743672	-0.04541441	-0.09486939	-0.00520195	-0.12437803	-0.02539362	0.02706447	-0.08717573	0.04664193	-0.01478020	0.09862964	-0.08764304	0.04388439	0.03751951	-0.00930858	0.13088232	0.05292889	-0.02326371	-0.04837595	-0.08076563	-0.06522203	-0.02438059	0.05836491	0.05129274	-0.07375041	-0.07256722	0.09957615	-0.05170595	0.14097218	-0.07332782	0.01826370	-0.00801597	-0.04968887	-0.01343817	-0.02957407	-0.03559045	0.06794657	-0.05846026	0.06766211	0.03156972	0.02633585	-0.06717220	-0.01207956	0.08759712	-0.04956029	0.00244748	-0.03026927	-0.01300674	-0.02537427	-0.01558307	-0.04906233	-0.01542768	0.01053343	-0.08555730	0.07990818	0.12487315	0.08847006	0.01562632	-0.03491255	-0.10057475	0.00371640	-0.02810844	0.03456059	-0.01407018	0.09370595	-0.00926567	-0.01630619	-0.01252624	0.00453733	0.07220033	0.07106879	-0.02017924	0.09326877	-0.03942766	0.02957097	-0.04217132	-0.01347140	0.00463138	0.00496691	-0.09994176	-0.11105477	-0.06831495	-0.07116594	0.03315438	-0.06360050	-0.09636056	-0.00591480	-0.04881369	-0.16003741	-0.13620457	-0.01633233	0.01912553	-0.01916725	0.06916493	0.00899136	0.05606410	-0.03400277	0.03635152	-0.02059249	-0.05487168	0.01119741	-0.01288290	0.01045647	-0.03123746	-0.04378394	-0.02158349	-0.16512600	-0.10590651	-0.06693435	-0.08845219	-0.04904303	-0.00126432	0.02706685	0.02304948	-0.01007106	-0.03153903	0.02668118	0.06899375	-0.05200222	-0.04917572	0.00169477	-0.02114112	-0.03560270	0.03823798	0.12528218	-0.10450552	0.00462584	-0.07628103	0.10848433	0.02736428	0.07110717	0.05635135	0.03587027	0.03902191
-0.02126060	-0.03182989	-0.01263491	-0.05230898	-0.06961348	-0.15060751	0.02980885	0.03957129	-0.01763193	-0.06831427	0.00490088	-0.00428509	0.09311842	-0.00318393	0.13608073	-0.02306479	0.01587494	-0.10319299	0.03767045	0.13553362	-0.03624796	0.06781708	0.03173999	0.05453588	0.10363811	0.05842528	-0.07517111	-0.10047862	-0.08287257	-0.08940743	-0.01269937	-0.09440231	0.10091075	-0.21302469	0.01345514	-0.03377682	-0.07776230	-0.07890224	-0.05438071	0.04090613	-0.01125244	-0.04507425	-0.02177546	0.07609759	0.06294115	0.00400486	0.05085795	0.07997619	0.02053969	0.02295049	-0.07695083	-0.03067404	-0.00117342	0.04327148	0.01737474	-0.05971169	-0.07982310	-0.00314041	0.00245192	-0.09983180	0.04330447	0.02385285	0.00751695	0.00970183	-0.09790457	0.13332935	0.03524920	0.09209558	-0.07815625	-0.07018311	0.05678627	-0.03134523	-0.07559427	0.05488428	-0.04748526	-0.00276224	-0.09655147	0.03852388	0.02590418	0.01511759	0.05965141	0.01894280	0.03326679	-0.05883188	0.13170050	0.03643820	0.02028666	-0.01662293	-0.04946437	-0.02895767	0.04553268	0.08207028	0.10086860	-0.00179111	-0.02728852	0.09910278	-0.02354290	-0.00521989	0.02967193	-0.02408611	0.01388223	-0.07531395	-0.01620257	-0.07636569	-0.03824385	-0.03150822	0.00181784	-0.00693557	0.08007018	0.05326830	-0.00615607	-0.07768591	0.01120176	-0.06421740	0.03542881	0.02759658	0.02403028	0.05637129	0.01471638	0.06611954	0.02502197	0.05248060	0.13306932	-0.03941986	-0.09579778	0.00016084	-0.12231936	-0.02778529	0.02838323	-0.08258720	0.05166465	-0.01147500	0.10435886	-0.08464316	0.04618644	0.04694930	-0.00859914	0.12565522	0.05522073	-0.02433147	-0.05473011	-0.07879917	-0.06389964	-0.02226457	0.06226857	0.05090351	-0.07422397	-0.07183892	0.10070808	-0.05601905	0.15479736	-0.05909987	0.01594680	-0.00817703	-0.04832408	-0.01023306	-0.03498986	-0.03250539	0.06396531	-0.06284577	0.06604394	0.02763228	0.02160172	-0.06387265	-0.01322381	0.08264825	-0.04950698	0.00586012	-0.02580217	-0.00868920	-0.02473784	-0.01220344	-0.04961007	-0.01403600	0.01278955	-0.08051188	0.07577884	0.12458496	0.08918827	0.01302807	-0.04187141	-0.10189606	0.00162245	-0.03479728	0.04167679	-0.01646016	0.09866465	-0.01906200	-0.01443123	-0.00575054	0.00574845	0.06760119	0.07426737	-0.02701003	0.09459310	-0.03444522	0.02405792	-0.04668006	-0.01563389	-0.00308201	0.00221095	-0.09922277	-0.11586446	-0.07577567	-0.06865760	0.02796964	-0.05979265	-0.08998423	-0.01152436	-0.04614062	-0.15470299	-0.13254030	-0.01012462	0.02410350	-0.01924976	0.06757646	0.01410288	0.04951532	-0.03501096	0.03899393	-0.01344736	-0.05838988	0.01253306	-0.00650092	0.01427011	-0.02807686	-0.04402355	-0.01231126	-0.17077059	-0.10245141	-0.06528228	-0.08699321	-0.04337151	-0.00425083	0.02216343	0.02817777	-0.00459538	-0.03848207	0.02128326	0.07070065	-0.04804906	-0.04783251	0.00523614	-0.02048829	-0.04203763	0.04587827	0.12478498	-0.10712812	-0.00031874	-0.07932751	0.10691215	0.02698576	0.07501823	0.05303385	0.03116500	0.04139656
0.04484219	-0.00969090	0.06011989	-0.02847556	-0.15829927	-0.19233197	0.08665343	-0.00022136	0.01288186	0.01813103	0.00370953	0.03189452	-0.03883450	0.07312541	0.06187041	0.02983505	-0.04406624	-0.03191211	0.04148549	0.08932574	-0.04541554	-0.03968835	0.04634429	-0.00833172	0.12258596	0.02855487	-0.06627602	0.02352130	-0.07115837	0.06565834	0.03735623	0.06614368	0.07542035	-0.01701245	-0.01681855	-0.03052037	-0.03112452	-0.05097505	0.00163910	0.09641244	0.03954161	0.04179448	0.03268714	0.10090838	0.06427054	-0.03298162	0.01135691	0.07033250	-0.03994741	0.06584004	-0.09696291	0.05562238	-0.05628150	-0.00776548	0.11043434	-0.00013394	-0.02823387	-0.05903476	0.02489970	-0.09878419	0.01062499	0.00834473	0.06312554	-0.00586452	-0.00933738	0.04974033	-0.02013168	0.00534817	-0.01862086	-0.02712839	0.05715304	0.06981378	-0.12755869	0.03229401	-0.00067049	-0.00115790	-0.10106338	-0.06803852	0.07987184	0.02569893	0.04528604	-0.05809559	0.00277977	-0.00857984	0.07830986	-0.00516394	0.09225053	0.03801173	-0.09769499	-0.07737608	0.08146536	-0.00881606	-0.04370104	-0.05875164	-0.07188458	0.06439581	0.01884217	-0.02028200	-0.09376712	-0.03488420	0.02653990	0.00525559	-0.15890650	-0.07203681	-0.03153052	-0.00226907	0.03399365	0.04375901	0.02771200	0.05164647	-0.08153016	0.00398340	0.02850471	-0.02741453	0.05172164	-0.01348462	0.04793918	-0.04593029	0.03066036	0.03128453	-0.06932248	0.05793818	0.03852399	0.06630439	-0.02783978	0.02368551	-0.07254791	-0.00663557	0.12740660	-0.10083733	0.11162949	0.07058826	0.00100649	-0.05669803	0.02005774	0.14044765	-0.03270336	0.13237919	0.01920030	-0.01650769	-0.03650215	0.02047391	-0.10389343	0.05621661	-0.02191716	0.02560405	-0.11834309	-0.00579474	-0.07919180	-0.02427362	0.07488688	-0.00200118	0.08086174	0.01986496	0.02141738	0.07273365	0.02099987	0.07317996	-0.03583387	-0.06029481	0.06007310	0.03199866	-0.11378235	-0.00394887	0.00532304	0.04821111	-0.09577359	0.10834625	0.01517399	-0.02633982	-0.14474307	0.03851589	-0.03438490	-0.00654432	0.00894990	-0.10134337	0.08076717	0.04619389	-0.09683873	-0.01292357	-0.03857505	-0.03664703	-0.03220285	0.03925759	0.00150220	0.02511007	-0.03251012	-0.00268910	0.02737125	-0.01497656	0.00548658	0.02808267	0.03972357	0.01070492	0.01767021	-0.10005998	-0.13541545	-0.06099303	0.00329890	-0.01389063	0.12550707	-0.15076783	-0.00326032	-0.00550678	-0.00570713	-0.04811142	0.01313417	0.06853130	-0.07246451	-0.00615186	-0.06707860	-0.09641392	-0.06385155	-0.04204677	-0.05293003	0.00364828	0.04340058	-0.07318766	-0.00552177	-0.03017954	-0.00528293	0.09374406	-0.01340097	-0.02178541	0.11515003	-0.05200656	-0.07441930	-0.18124297	-0.05694202	-0.11486811	-0.04810010	0.06554005	-0.03292036	-0.06965055	-0.04137810	-0.00442412	-0.00381098	-0.02933030	0.03600583	0.02477743	-0.02765871	0.01507935	0.04949805	0.09353098	-0.05253036	-0.04884722	0.17360102	-0.12131393	-0.00213493	0.05327965	0.00331146	0.06398875	0.09986226	-0.00198925	0.09681259	-0.05839315
0.04760074	-0.00576372	0.06202916	-0.02569092	-0.15835406	-0.19063245	0.08358459	0.00759280	0.01602751	0.01774039	0.00544802	0.03109235	-0.03302604	0.07372885	0.06208610	0.02570426	-0.04014357	-0.02168298	0.04727238	0.07988290	-0.04889659	-0.04097905	0.04785087	-0.00515041	0.12574008	0.03016689	-0.07015605	0.02318438	-0.07471933	0.05436684	0.03323559	0.06638946	0.07961374	-0.01405276	-0.01559529	-0.02762186	-0.03719611	-0.04498493	0.00011921	0.09374119	0.04131232	0.03960123	0.02502356	0.10420016	0.05694444	-0.03887529	0.00028147	0.06559396	-0.03953322	0.06433249	-0.10323268	0.05890191	-0.05309321	-0.00574504	0.10994416	0.00144218	-0.03689522	-0.06821109	0.01243706	-0.09297476	0.02377197	0.01521736	0.06519214	-0.00914129	-0.00452091	0.04891272	-0.02008671	0.00358913	-0.01982475	-0.02882220	0.05806948	0.07028330	-0.13214052	0.04067202	0.00651274	-0.00543975	-0.09482871	-0.06766303	0.08357393	0.02822538	0.04199202	-0.06051095	0.00488224	-0.00699869	0.07822163	-0.00681331	0.09338395	0.03820219	-0.09844540	-0.07791184	0.07659119	-0.01247423	-0.04615752	-0.06070194	-0.06593130	0.06461162	0.02280556	-0.01787671	-0.09330932	-0.02849646	0.02860076	0.00778772	-0.16159716	-0.07064330	-0.03082990	-0.00646263	0.03776136	0.04464603	0.03012378	0.04733383	-0.07711556	0.00004155	0.03018940	-0.02418590	0.05139792	-0.01385931	0.04342614	-0.04513845	0.02730232	0.03203269	-0.07059763	0.05453241	0.03845747	0.06962886	-0.02612249	0.02450707	-0.08331931	-0.00003016	0.12592585	-0.10467827	0.12008398	0.06724160	0.00605892	-0.05971374	0.02498759	0.14337417	-0.03259012	0.13401961	0.01960262	-0.01880039	-0.03556991	0.02379175	-0.10412727	0.06261157	-0.02385436	0.02787298	-0.11453559	-0.00223283	-0.08626995	-0.02834517	0.07101186	-0.00158574	0.07333265	0.01975110	0.02643691	0.07140023	0.01644157	0.07519339	-0.03598636	-0.06557913	0.05965443	0.03261193	-0.11015060	-0.00316987	0.00847625	0.05364682	-0.09473509	0.10913625	0.01813179	-0.01758913	-0.14329471	0.03538117	-0.03619614	-0.00061838	0.00609011	-0.10227574	0.07883093	0.04764571	-0.09100638	-0.01557396	-0.03549585	-0.03846730	-0.03336347	0.04726117	0.00959628	0.03149408	-0.03568813	0.00204520	0.03045416	-0.00656356	0.01022609	0.02370375	0.04619325	0.01260278	0.01666896	-0.09045392	-0.13285254	-0.05207485	0.01593807	-0.02047720	0.12705252	-0.15113832	-0.00183701	-0.01026308	-0.00981000	-0.04533773	0.00955076	0.06767824	-0.06915876	-0.00632977	-0.06804713	-0.09823736	-0.06882522	-0.04654416	-0.05512807	-0.00081386	0.05031098	-0.07154544	-0.00585604	-0.03331470	-0.01332439	0.09431642	-0.01017311	-0.02103054	0.11310259	-0.05327797	-0.07148971	-0.18206045	-0.05182349	-0.11895464	-0.04770278	0.05592968	-0.03051455	-0.06467832	-0.04084128	0.00228547	-0.00016562	-0.02235296	0.02921922	0.01896521	-0.02826145	0.01983454	0.04798723	0.09685919	-0.05717069	-0.04394771	0.17244278	-0.12271310	0.00831728	0.05731037	0.00503533	0.05608029	0.09758640	0.00144007	0.09754469	-0.05830016
0.04738159	-0.00197758	0.06794498	-0.02653147	-0.15422675	-0.18714552	0.08562429	0.00176677	0.02199812	0.01661126	0.00554338	0.03702625	-0.03940755	0.07276640	0.06086880	0.02913680	-0.04353056	-0.02975359	0.04387035	0.08406774	-0.05209026	-0.04730110	0.05045622	-0.00208888	0.12257361	0.03171058	-0.06580407	0.02713751	-0.07074037	0.05487303	0.03753607	0.06086925	0.07512530	-0.01527325	-0.01755335	-0.02956157	-0.03654378	-0.04673792	-0.00021580	0.09316432	0.03836069	0.03976820	0.02930212	0.10403563	0.06087804	-0.04206719	0.01034658	0.06705175	-0.04001319	0.06669518	-0.10070363	0.05407444	-0.05750921	-0.01673826	0.11340871	0.00558805	-0.03246095	-0.06611328	0.01977856	-0.09269767	0.01508649	0.00832239	0.06914584	-0.01312228	-0.00486669	0.05333003	-0.02459770	0.00398658	-0.01089422	-0.03128124	0.05336566	0.06236516	-0.12528804	0.04032062	0.00447517	-0.00573729	-0.09565572	-0.06223969	0.09074616	0.02172746	0.04536095	-0.05842454	0.00363539	-0.00056485	0.08018520	-0.00857274	0.08585236	0.02583875	-0.10055331	-0.08066259	0.07824325	-0.01303203	-0.04536204	-0.05772005	-0.06914483	0.06510191	0.02074980	-0.02086480	-0.09025279	-0.03011546	0.02546943	0.00705764	-0.15876092	-0.06988922	-0.03452802	-0.00293036	0.03202292	0.04920425	0.03235934	0.05048791	-0.08950804	0.00100749	0.03304998	-0.02680973	0.04715044	-0.01675724	0.04927945	-0.04758834	0.02422408	0.03341104	-0.06817549	0.06113366	0.03421792	0.06729966	-0.02528464	0.02181057	-0.07850284	-0.00974683	0.12758738	-0.10442677	0.11720237	0.06552082	0.00395153	-0.06143874	0.02661501	0.14252427	-0.03098282	0.13623391	0.02086465	-0.01942760	-0.02441835	0.01168170	-0.10495338	0.05860724	-0.02104057	0.02073188	-0.11982090	-0.00021489	-0.08202529	-0.02421874	0.07555956	-0.00086831	0.07963869	0.02041849	0.02514115	0.06609289	0.02361180	0.07627696	-0.03850255	-0.05658218	0.06691384	0.01911987	-0.11517347	-0.00010803	0.01107878	0.04950304	-0.10527070	0.10813081	0.01477905	-0.02869348	-0.14179704	0.04119972	-0.03522584	-0.00329055	0.00692527	-0.10190076	0.08123245	0.04565185	-0.09504432	-0.01238522	-0.03638836	-0.04237862	-0.04085572	0.04375127	0.00421247	0.02947873	-0.03037177	-0.00136329	0.02878454	-0.01342883	0.00260916	0.02182014	0.04181370	0.00955343	0.02302819	-0.09607617	-0.13375609	-0.04520976	0.00701083	-0.01534892	0.13368642	-0.15245007	-0.01122377	-0.01316083	-0.00558338	-0.04233732	0.01348849	0.07741285	-0.07156596	-0.00021586	-0.06833709	-0.08772359	-0.06446165	-0.04561225	-0.05515786	0.00000344	0.04072646	-0.06971220	-0.00415516	-0.03676112	-0.00165070	0.09240766	-0.01204337	-0.02090505	0.11745153	-0.05016880	-0.07811987	-0.17975214	-0.05640356	-0.11273409	-0.05183328	0.05919112	-0.03061751	-0.06710059	-0.04162968	-0.00406920	-0.00285778	-0.02872786	0.02998400	0.02257704	-0.02370427	0.01911009	0.04268491	0.09397155	-0.05641103	-0.04275776	0.17221317	-0.11653601	0.00020368	0.05821729	-0.00080834	0.06914620	0.09359729	0.00003441	0.09501671	-0.05904635
0.04867201	-0.00253002	0.06350920	-0.02786658	-0.16139454	-0.19760107	0.08186694	0.00727517	0.02225492	0.01599248	0.00691658	0.03224484	-0.03744015	0.07059967	0.05983360	0.02959644	-0.04217795	-0.02318603	0.04177377	0.08735059	-0.05066421	-0.04760132	0.04561052	-0.00643730	0.11933459	0.03004764	-0.06553480	0.02078088	-0.07926906	0.05779158	0.03131449	0.07141526	0.07568573	-0.01153149	-0.01084317	-0.02846374	-0.03480439	-0.04689493	-0.00223558	0.09209546	0.04179634	0.04383366	0.03338737	0.10410731	0.05307854	-0.03608183	0.00844354	0.06629758	-0.04268676	0.05908338	-0.09352987	0.05359277	-0.05524025	-0.01723110	0.11093096	0.00616015	-0.02865498	-0.06809430	0.02020560	-0.09050070	0.02290453	0.00904182	0.06927252	-0.01501727	-0.00114994	0.05648118	-0.02150100	-0.00113199	-0.01376430	-0.02732774	0.05271609	0.06379806	-0.12844537	0.03794437	0.00454478	-0.00222150	-0.09566498	-0.06508710	0.07660273	0.02550060	0.04620057	-0.05992142	0.00501287	-0.00858500	0.08032805	-0.00743028	0.08740716	0.03434039	-0.09726363	-0.08677380	0.07635210	-0.00953129	-0.05234300	-0.06064603	-0.06622456	0.06762338	0.02096905	-0.01473933	-0.09317271	-0.03160717	0.02708361	0.01004627	-0.15837745	-0.07408019	-0.03343537	-0.00583857	0.02962757	0.04971755	0.02466865	0.04833079	-0.08294293	-0.00078196	0.02790711	-0.02845469	0.05594005	-0.00784234	0.04435731	-0.04369262	0.02924696	0.03183473	-0.06997608	0.06706134	0.03820799	0.06307457	-0.02270628	0.02721237	-0.08867294	-0.00669166	0.12832417	-0.10000069	0.12251418	0.06844416	0.00183113	-0.04894038	0.01404863	0.13869175	-0.03663259	0.13036521	0.01717553	-0.02417492	-0.03229875	0.01875889	-0.10805607	0.05571620	-0.02997441	0.02917746	-0.12020463	0.00045749	-0.08484357	-0.03091781	0.07481936	-0.00442201	0.07493450	0.01606795	0.02702850	0.06433907	0.02119452	0.07195016	-0.03311263	-0.05791035	0.06158582	0.03018956	-0.11661696	0.00250880	0.00770362	0.04643746	-0.09354290	0.10702068	0.01873565	-0.02513487	-0.14615236	0.03458940	-0.02974341	0.00292889	0.01111011	-0.09309976	0.08021405	0.03786070	-0.09366048	-0.02146664	-0.03839564	-0.04008360	-0.04152763	0.04408095	0.00209762	0.02839720	-0.03821931	0.00064108	0.02650655	-0.01464838	0.01109961	0.01701419	0.04387293	0.01279025	0.01641434	-0.09633081	-0.13771990	-0.04879835	0.00457138	-0.01499622	0.12816387	-0.15183099	-0.00196708	-0.00564176	-0.00951970	-0.05198627	0.00797100	0.07063609	-0.06966398	-0.00861477	-0.07127803	-0.10020261	-0.06392612	-0.04465498	-0.05513717	-0.00079716	0.04124245	-0.07042942	-0.01329158	-0.03754101	-0.00990325	0.09166301	-0.00993256	-0.01973248	0.11689629	-0.05437815	-0.07789727	-0.17897674	-0.05621212	-0.11607587	-0.04111233	0.05972078	-0.03427266	-0.06459641	-0.03976259	-0.00262491	-0.00169488	-0.02860218	0.03315295	0.02149514	-0.02735906	0.01753985	0.04299362	0.09414713	-0.05140794	-0.05407374	0.16870663	-0.12096177	0.00811127	0.05523590	0.00906186	0.06582969	0.10029903	-0.00185976	0.09577239	-0.06177789
-0.00195894	0.10546964	0.01962998	0.01447293	-0.06169384	-0.12641579	0.01290377	0.01818969	0.05305146	-0.01759205	-0.03217678	-0.02478717	0.03153460	-0.00885888	0.00880353	-0.02517530	0.03913017	-0.10431575	0.06319642	0.01126666	-0.00684030	-0.02802103	0.00224636	0.07691092	0.02398020	0.01943649	-0.09241011	0.00532973	-0.08282163	-0.00940938	-0.04167720	0.02886964	0.07169823	-0.01000138	-0.00631408	0.04436224	0.03125648	-0.00655966	-0.09338070	0.02710877	0.03499100	0.06700897	0.02085527	0.10670565	-0.07671577	0.06788469	0.01997362	-0.09314574	0.05021424	0.00849150	-0.07387351	0.01876937	0.02427120	0.05492818	0.03942993	0.01270321	-0.04796098	0.04184210	-0.05682796	-0.09544214	-0.04134597	-0.05875199	0.03305059	0.00029848	-0.11292863	0.01936474	-0.07411188	0.04141482	-0.04919364	0.02006539	0.09739070	0.01439701	-0.07602538	0.04361192	-0.04625178	0.01472857	-0.19786543	-0.04434556	0.05198506	-0.03082133	0.08987848	-0.10478958	-0.09385142	-0.02397046	-0.02292116	-0.02528211	-0.02487722	-0.01417697	0.04249460	-0.01371278	0.00164978	-0.02199009	0.09785490	-0.01540008	-0.10304492	0.09769514	0.04890924	-0.08725348	-0.02802063	-0.03536722	0.02444488	0.00123832	-0.06789621	-0.01746036	-0.02840678	0.02976437	0.00700640	0.04510907	-0.07561496	0.08392474	-0.02519033	0.00936716	0.06760330	-0.02726892	-0.02641588	0.08514179	0.03793369	0.00787859	0.11360253	0.05713939	0.04211301	0.03287150	0.00770242	0.01142553	0.05516139	0.00875360	-0.02023082	0.01369552	0.07686958	-0.17501882	0.15108277	0.08633950	0.04429437	-0.06205024	0.08525281	0.05730648	-0.03248412	0.13233055	0.04246437	-0.04708083	-0.09481664	0.00571424	-0.02959004	-0.06185815	-0.06257983	0.11788992	-0.07717855	-0.01614066	0.01818259	-0.04535083	0.08791571	-0.05929249	-0.01281670	-0.04593313	-0.06435299	0.04150600	-0.00012787	-0.04708704	0.07549591	-0.11866134	0.12472479	-0.00021482	-0.00506813	-0.14818501	-0.04895482	0.07545180	-0.13794270	0.05134168	0.07048824	0.01001363	-0.00878267	0.07690856	0.02180363	0.02346480	-0.08359458	-0.08552074	0.11294541	0.09144764	-0.05241063	-0.05226541	-0.09015866	-0.05681374	-0.03765818	0.01707955	0.01190770	0.00851106	-0.01486852	-0.02385480	-0.04302546	0.02401455	0.02289893	0.01806093	0.03193823	0.02622873	0.04994312	-0.01499935	-0.07024100	-0.04907237	-0.01661902	-0.09533428	0.07142293	-0.12711240	-0.07106105	-0.00265954	0.01729545	-0.03877923	-0.00691800	-0.02344555	0.04554614	-0.04489841	-0.17382760	-0.01966852	-0.05882179	-0.07847436	-0.08356435	-0.01490487	-0.04117913	0.02863560	0.00170814	-0.01265247	-0.02131921	-0.08174239	-0.05304365	-0.04764286	0.06694020	-0.09197166	-0.11876836	-0.04689732	-0.12740807	-0.15295424	-0.09132630	-0.11668686	0.03617541	-0.00375609	-0.04324430	0.06715558	0.00567488	-0.00667738	0.00864139	0.04593129	-0.07967547	-0.08835125	0.10871559	0.05953785	0.00003323	0.05659051	0.09187414	-0.10251325	-0.00322978	0.01186114	0.02364234	-0.00849556	0.08587398	-0.05328692	0.01467932	-0.00060904
0.00735588	0.10517488	0.01378570	0.01297048	-0.06090626	-0.12155391	0.01397544	0.01900137	0.05213633	-0.01577647	-0.03554642	-0.03281241	0.03153982	-0.01491513	0.00354385	-0.02673906	0.03870383	-0.10063028	0.06666695	0.00987599	-0.00917615	-0.03167683	0.00555030	0.07749285	0.02626989	0.01557843	-0.08844039	0.00520746	-0.08510035	-0.00797123	-0.04636759	0.03449598	0.07557632	-0.01195360	-0.00565688	0.04559207	0.03214724	-0.00002406	-0.09231226	0.01857054	0.03525154	0.06627156	0.01318910	0.10443456	-0.07962228	0.07333953	0.02351567	-0.08784800	0.05248548	0.00720765	-0.08339294	0.02028159	0.02787246	0.05960135	0.03716476	0.01722745	-0.04651025	0.04409877	-0.05871200	-0.10680893	-0.04289209	-0.05941916	0.03600807	0.00616441	-0.11222199	0.02659920	-0.07607903	0.03535002	-0.05602100	0.01393931	0.10206863	0.01360970	-0.07313178	0.03838477	-0.04324287	0.01442524	-0.20237933	-0.04088073	0.04665486	-0.03500303	0.08191112	-0.10793440	-0.08379238	-0.03036267	-0.02753719	-0.02571336	-0.02484978	-0.01802818	0.04052673	-0.00858909	0.00239077	-0.01202222	0.09593354	-0.01044932	-0.10112030	0.09751114	0.05077104	-0.08759014	-0.03366367	-0.03472098	0.02103060	-0.00511796	-0.06747003	-0.01457561	-0.02434432	0.03005802	0.01072749	0.03922423	-0.06864365	0.09391601	-0.02374741	0.00175517	0.06856986	-0.02715731	-0.02629805	0.08770847	0.02990536	0.00509517	0.10722797	0.05699937	0.04565343	0.03547384	0.01291355	0.01298845	0.05520337	0.01367592	-0.01750765	0.01459341	0.07341119	-0.17396466	0.15220265	0.08634513	0.04171475	-0.05592721	0.07634589	0.06225315	-0.03160534	0.13787296	0.04351908	-0.05529944	-0.09394569	0.00238100	-0.03007735	-0.06252782	-0.06382821	0.11582714	-0.07558779	-0.01693954	0.01197384	-0.05028718	0.08552757	-0.05845289	-0.00608688	-0.04107184	-0.06157706	0.03484590	0.00388896	-0.04341574	0.07209457	-0.12604965	0.12172645	-0.00251951	-0.00653647	-0.14842978	-0.04582777	0.07339184	-0.13827200	0.04856485	0.06988286	0.01364412	-0.01335435	0.08035740	0.02332966	0.01899644	-0.08098549	-0.08768396	0.11022054	0.09042559	-0.04738194	-0.04492938	-0.08203635	-0.05569606	-0.03247335	0.02166489	0.01227721	0.00914160	-0.01355675	-0.03268136	-0.04270706	0.02071903	0.01694881	0.01494312	0.02218920	0.02047870	0.05732159	-0.01323754	-0.07027624	-0.04963572	-0.02446938	-0.09866038	0.06951494	-0.13265117	-0.07283910	-0.00540276	0.01148528	-0.03276015	-0.00889100	-0.01143112	0.03909725	-0.03978928	-0.17619121	-0.01444705	-0.05598367	-0.07298737	-0.08897880	-0.01894694	-0.04336648	0.02296622	0.00389841	-0.01165095	-0.02717998	-0.07924497	-0.06065404	-0.04136594	0.06883089	-0.09110361	-0.12323582	-0.04773011	-0.12301927	-0.15645285	-0.09795812	-0.11855822	0.03306568	-0.00874726	-0.04727410	0.06550793	-0.00034798	-0.00967372	0.00454332	0.04751330	-0.07530980	-0.07901564	0.10791951	0.05629026	0.00880329	0.06644312	0.08411031	-0.10670842	-0.00690025	0.01371835	0.02084363	-0.00138033	0.09158151	-0.05589161	0.01598729	0.00594664
0.00247509	0.09902391	0.02033032	0.00947100	-0.06680168	-0.12787868	0.01446112	0.01831049	0.05423184	-0.01773285	-0.03945057	-0.02880972	0.02733351	-0.00532405	0.00666531	-0.03187682	0.04073439	-0.10065354	0.06796139	0.01419058	-0.01025138	-0.02570264	0.00927428	0.08458321	0.02410463	0.02178130	-0.09385151	0.00903554	-0.08533964	-0.00772822	-0.04097803	0.03201453	0.06958301	-0.00207251	-0.00825619	0.03950366	0.03240786	-0.00513454	-0.09205517	0.02690013	0.03853270	0.06915656	0.01850669	0.10409404	-0.08236465	0.06531402	0.01673451	-0.08802348	0.05582653	0.00915558	-0.07872497	0.01659092	0.02753561	0.05876999	0.04041639	0.01500325	-0.05022218	0.04609319	-0.05517145	-0.10490529	-0.04055563	-0.06451632	0.03279776	0.00215775	-0.11329491	0.02487337	-0.07710777	0.03903449	-0.04975679	0.02635822	0.10423221	0.01298417	-0.07352762	0.04504213	-0.04131060	0.02132012	-0.19247040	-0.03944888	0.05112446	-0.03033858	0.09067196	-0.10077106	-0.08917956	-0.02758023	-0.02073941	-0.03074143	-0.03128070	-0.02039387	0.04585549	-0.01243812	0.00329011	-0.01307191	0.09724914	-0.02175052	-0.09765330	0.09776544	0.04945576	-0.09197046	-0.03385115	-0.02744170	0.03132443	-0.00823681	-0.06884427	-0.01501526	-0.02707995	0.02181392	0.01356304	0.03596940	-0.06855457	0.08217621	-0.02188430	0.00294967	0.06757224	-0.03492149	-0.02996365	0.08709717	0.04241266	0.01329313	0.10793055	0.05788381	0.04678272	0.03346512	0.01602265	0.01339181	0.05144821	0.01175106	-0.01844133	0.01883033	0.07255945	-0.17709781	0.15177310	0.08790798	0.04598550	-0.05495273	0.07915839	0.06051230	-0.03425010	0.12996973	0.04439603	-0.05132997	-0.09753560	0.00464634	-0.03259382	-0.05786581	-0.07293896	0.11694868	-0.08097670	-0.01540701	0.02042236	-0.05214239	0.08617198	-0.05961066	-0.00765881	-0.03814971	-0.06095090	0.03809460	0.00311484	-0.04926164	0.07717753	-0.12363006	0.12404603	-0.00002343	-0.00631064	-0.15398127	-0.04944821	0.07782410	-0.13826410	0.05139395	0.06639085	0.00991508	-0.00975556	0.07887552	0.02226281	0.01632301	-0.08161470	-0.08380087	0.11058902	0.08698959	-0.04746702	-0.04771942	-0.08358902	-0.05760286	-0.03545403	0.01746455	0.00396820	0.00198782	-0.01020692	-0.03125842	-0.04403551	0.02637178	0.02185070	0.01339703	0.02000529	0.02240897	0.05178120	-0.00876256	-0.06973157	-0.05103215	-0.01435986	-0.09391300	0.06724960	-0.13301551	-0.07464648	-0.01164461	0.01980416	-0.03770216	-0.00608456	-0.02002605	0.03450876	-0.04232023	-0.17053656	-0.01847149	-0.05202381	-0.07419860	-0.09016747	-0.01042305	-0.04206157	0.02500323	-0.00431994	-0.00875262	-0.02111192	-0.08341862	-0.06090560	-0.04798172	0.06562144	-0.09234717	-0.12770911	-0.04529893	-0.12589128	-0.15445060	-0.08736036	-0.11751201	0.03501210	-0.00711785	-0.04305623	0.06568622	-0.00189841	-0.00687896	0.00616424	0.04284774	-0.07902474	-0.07961340	0.10547557	0.05403136	0.00518459	0.05909449	0.08710689	-0.10459094	-0.00518891	0.01414522	0.02186108	-0.00353821	0.08471730	-0.05848642	0.01269018	0.00252306
0.00085759	0.10416088	0.02608163	0.01108102	-0.05477242	-0.13114648	0.01986476	0.01657691	0.05107953	-0.01434161	-0.03247971	-0.02490845	0.03239559	-0.01008552	0.00965716	-0.02769020	0.03254687	-0.10576649	0.06596327	0.01632721	-0.00516007	-0.02871903	-0.00314085	0.07957175	0.02348315	0.01671218	-0.09443009	0.01484019	-0.08795769	-0.00738664	-0.04013994	0.02983119	0.07591036	-0.00026487	-0.00387961	0.04593770	0.03603633	-0.00890461	-0.09299956	0.02394502	0.03791963	0.07503553	0.01919840	0.10474656	-0.07926182	0.06628627	0.01023251	-0.08895704	0.05031217	0.01321198	-0.08210732	0.01407249	0.02429641	0.05565039	0.03935502	0.01304144	-0.04544937	0.04618375	-0.05624361	-0.10184940	-0.04506097	-0.05578918	0.03467056	0.00482865	-0.10811155	0.02745841	-0.07203641	0.03913783	-0.04785340	0.01094017	0.10289332	0.00988525	-0.07333736	0.03991175	-0.04684918	0.01770641	-0.20224084	-0.04442195	0.04684949	-0.03349147	0.08761335	-0.10142484	-0.08852101	-0.02894938	-0.02569651	-0.02880378	-0.02691879	-0.02136190	0.03973324	-0.00947428	0.00674173	-0.01986689	0.09755735	-0.01146469	-0.10344157	0.09671840	0.04927371	-0.09031573	-0.03413075	-0.03467524	0.02547244	-0.00873034	-0.06963959	-0.01559166	-0.02889455	0.02595837	0.01137546	0.03540459	-0.06977294	0.09119564	-0.01974166	0.00396280	0.06635342	-0.02930051	-0.02891750	0.08895411	0.04077266	0.00700660	0.10753180	0.05446511	0.04592043	0.03330638	0.01126829	0.01268083	0.05364969	0.01662096	-0.01469269	0.01305926	0.07637056	-0.17570245	0.15095314	0.08731567	0.04455672	-0.06374058	0.07839253	0.06364772	-0.03251636	0.12927802	0.04352449	-0.05483284	-0.09065199	0.00893235	-0.03644381	-0.05995717	-0.06755437	0.12275859	-0.07568914	-0.01309662	0.01659529	-0.04342205	0.08644591	-0.05180323	-0.00411118	-0.03966283	-0.06160063	0.03869582	0.00568627	-0.04623791	0.07450241	-0.12073901	0.12655468	-0.00826079	0.00227436	-0.14722151	-0.05498937	0.07849861	-0.13437955	0.04825033	0.05719918	0.00994029	-0.01255197	0.06744573	0.02340180	0.01870821	-0.07840385	-0.09404328	0.11540468	0.08573002	-0.04845528	-0.04657965	-0.08814795	-0.05513391	-0.03536617	0.02090759	0.01261215	0.01308788	-0.01410067	-0.02953519	-0.04810577	0.02804118	0.01927339	0.01220537	0.02839478	0.02048847	0.05145565	-0.01482395	-0.07003530	-0.05419698	-0.00844384	-0.09799919	0.06888363	-0.12856448	-0.06872419	-0.00821699	0.01387949	-0.03465827	-0.01236568	-0.02044389	0.04085642	-0.04424689	-0.17433904	-0.01641487	-0.05041645	-0.08088873	-0.08222783	-0.01928028	-0.05147144	0.02906381	-0.00540869	-0.01373296	-0.02442731	-0.08234870	-0.05954431	-0.04345151	0.07109425	-0.09633152	-0.11989537	-0.04335548	-0.12595117	-0.15697601	-0.08723985	-0.11457852	0.03635072	-0.01014267	-0.04726000	0.06323721	0.00188369	-0.00622633	0.00760964	0.04355419	-0.07718862	-0.08671243	0.10347246	0.05358886	-0.00162731	0.06168957	0.08793654	-0.10838597	-0.00792334	0.01689107	0.01988194	-0.00439212	0.08451229	-0.05440456	0.02457232	0.00733057
0.08504295	0.11711512	-0.00247383	-0.05530825	-0.02666848	-0.04526173	0.08706845	0.05945784	-0.04431005	-0.01110378	-0.04249641	0.08490264	-0.04022048	-0.00884075	0.04286058	-0.00543000	-0.02740071	-0.04298326	0.06510432	0.07985842	-0.05734712	-0.03645004	0.02635547	-0.08641214	0.04674219	0.00712022	-0.11721371	-0.03089685	-0.09752375	0.01362768	0.00185996	0.00971550	0.05762239	-0.06520491	0.03558935	0.06060700	-0.02979348	-0.06944772	-0.13648118	0.07676776	0.02085027	0.08468263	-0.05283161	-0.04762257	0.06006788	-0.00063508	-0.01265531	0.10784418	-0.03192001	0.01397662	0.02303778	-0.00645712	0.06881456	0.02331081	-0.07085875	0.00248094	0.01891344	-0.04200275	0.03665332	-0.07113780	-0.07400122	-0.02509084	-0.00413402	0.08312032	-0.01932325	0.00015000	-0.02819436	0.04610303	-0.09945304	-0.02411145	0.16442473	0.05998363	0.01541835	0.02320972	0.03240923	0.04532341	-0.11206456	-0.06650415	0.06219174	-0.06560297	0.00490461	-0.00235687	-0.01524960	0.01155951	0.14705367	-0.06111221	0.11711981	0.01623459	0.01270270	-0.01470806	0.02185613	0.06636783	0.04833626	0.02900339	-0.04587347	0.08844254	0.03024270	-0.08345851	-0.11070766	-0.07285398	0.01624192	-0.05254599	-0.16059053	-0.06080197	-0.01775178	-0.10240906	0.04616609	0.03544808	-0.06943166	0.05713513	-0.10675838	-0.06106342	0.05658108	-0.06138396	-0.04862441	0.01764912	0.02669130	-0.03327898	0.02170784	0.04168750	0.03712112	-0.03437725	0.04806257	-0.08782148	0.00909307	-0.05889584	-0.04740696	-0.04918189	0.05436800	-0.14102693	0.09003998	0.00409041	-0.03690239	-0.10154802	-0.03656000	0.04943090	-0.00809954	0.19130307	0.02016886	-0.03952113	0.03240136	0.04039576	-0.08047667	-0.07537537	0.01625704	0.00149208	-0.07200624	-0.03807096	0.05090765	-0.06786150	0.09056622	-0.05890137	0.02329176	0.03175138	0.00859858	0.11551547	-0.03550334	0.10074189	0.09779904	-0.00151549	0.13672227	0.03493056	-0.00290552	-0.03268603	0.05181740	0.06753207	-0.07959602	-0.00840543	0.02219929	0.01751299	-0.02549265	0.05165371	0.08743830	0.06653821	-0.08325969	-0.02306810	0.03548264	0.10408923	-0.04665079	-0.06022038	-0.06572405	-0.07196556	-0.05294748	0.03971585	-0.01148107	-0.04847995	0.01626329	-0.04624204	0.05359401	0.04513741	0.04639491	0.05127668	-0.01079877	0.02771110	0.04062775	-0.11894773	-0.06360504	-0.03424370	0.02821954	0.00585446	0.05518477	-0.09606322	-0.10625922	-0.06117337	-0.00529861	-0.08281786	-0.03192190	-0.03921691	0.02882558	0.02586409	-0.09094830	-0.07705440	-0.10997302	-0.04849162	-0.02782275	-0.04310212	-0.07731322	-0.14072186	-0.01198990	0.00152141	-0.00810712	0.00120917	-0.05316802	-0.09409297	0.03010613	-0.13547327	-0.04224211	-0.07717672	-0.11287803	-0.18089429	0.02103654	0.03127756	-0.06088106	-0.09517487	-0.00498017	-0.05478262	-0.04647160	0.02333131	-0.01915798	0.07769648	-0.05852099	-0.01991306	0.03464160	-0.03969254	0.11712783	0.06296156	0.02509480	-0.02910779	0.02498891	-0.00099677	-0.04947796	0.01772967	-0.00034113	0.05625931	0.03914161	-0.00918781
0.08793892	0.11534725	-0.00778126	-0.06008521	-0.02937796	-0.04998908	0.09393168	0.06002071	-0.04428200	-0.00516618	-0.04929424	0.08782627	-0.03853104	-0.01822903	0.03955228	-0.00185236	-0.01739025	-0.04892244	0.07160281	0.07786074	-0.05071605	-0.03255698	0.03360610	-0.08184943	0.04730001	0.00737543	-0.11299300	-0.03230073	-0.10259162	0.01658316	0.00514863	0.00643694	0.05445480	-0.06201452	0.03544062	0.05825232	-0.03168309	-0.07112031	-0.13856223	0.07765127	0.02165781	0.08163902	-0.04519035	-0.04218763	0.05766282	0.00148211	-0.01375481	0.10445168	-0.03123910	0.01228791	0.01661886	-0.01082430	0.06737210	0.02233733	-0.06480371	0.00145705	0.01856715	-0.04528387	0.03811514	-0.06395393	-0.07815409	-0.02443113	-0.00138747	0.08451755	-0.01881518	0.00254068	-0.02342953	0.04978091	-0.09944346	-0.02508986	0.15853347	0.05809227	0.02273955	0.02171623	0.03855437	0.05313612	-0.11449683	-0.06356878	0.06106058	-0.06678760	0.01203324	0.00482407	-0.02289444	0.01558345	0.14208613	-0.06053961	0.11877800	0.01251199	0.01640422	-0.01565806	0.02222615	0.05818309	0.04664146	0.02826912	-0.04078053	0.08667606	0.02649189	-0.08440104	-0.11400603	-0.07218622	0.01138850	-0.05059728	-0.16082357	-0.06481449	-0.00556320	-0.09090385	0.04623909	0.03032801	-0.07577685	0.05380124	-0.09443010	-0.06748622	0.06306055	-0.05356561	-0.05467783	0.02634581	0.02337917	-0.03999957	0.01575071	0.04423925	0.04258186	-0.03363732	0.05449108	-0.08981737	0.00378678	-0.05103939	-0.03857927	-0.05339647	0.05749379	-0.14004087	0.09462446	0.00733259	-0.04119527	-0.10546438	-0.03429636	0.04818634	-0.01470323	0.19136761	0.01609825	-0.03288525	0.03491485	0.04180123	-0.08009561	-0.07402791	0.01114108	-0.00128422	-0.07717713	-0.03885851	0.05029845	-0.06410777	0.09480961	-0.06145322	0.02807064	0.03264296	0.00753289	0.11640500	-0.02337962	0.09760171	0.10071032	-0.01196607	0.14077212	0.03215293	0.00060583	-0.03253041	0.05587271	0.06298739	-0.06988300	-0.00944671	0.01914704	0.02242023	-0.02396449	0.05026082	0.08440660	0.06942637	-0.08450064	-0.01780657	0.03530776	0.10736325	-0.03921437	-0.05918718	-0.06259944	-0.07368907	-0.05001257	0.03716864	-0.01680888	-0.05004594	0.01518251	-0.05166726	0.05665819	0.04753743	0.04648566	0.05492514	-0.00861635	0.02265821	0.04317504	-0.11814602	-0.05189149	-0.03143864	0.02618397	0.00633223	0.05998314	-0.08945312	-0.10756303	-0.06629700	-0.00813581	-0.07831563	-0.02593223	-0.03085766	0.02499960	0.02565081	-0.09339689	-0.08823894	-0.11435224	-0.04062306	-0.02312119	-0.04663985	-0.07842126	-0.14186181	-0.01941553	0.00666990	-0.00149849	-0.00165507	-0.05698829	-0.09301649	0.02259729	-0.14155446	-0.03688351	-0.08288001	-0.10330299	-0.18465799	0.02183908	0.03875863	-0.06187796	-0.09857447	-0.00674341	-0.05436538	-0.04758698	0.02306956	-0.01329661	0.06982449	-0.05367545	-0.02096151	0.04120818	-0.04240955	0.11591745	0.07002127	0.02094691	-0.02958394	0.02844304	0.00754723	-0.05230416	0.01962748	-0.00345702	0.05882033	0.03928573	-0.00399902
0.08705503	0.11134806	-0.00327066	-0.05723817	-0.02551397	-0.04453508	0.08918215	0.06687558	-0.04261730	-0.00947384	-0.04130711	0.08334737	-0.03753129	-0.00778936	0.04032327	-0.00499479	-0.01956111	-0.04923426	0.07390115	0.07469405	-0.05335746	-0.03934271	0.03937767	-0.08193220	0.04597273	0.00599235	-0.10649671	-0.02692778	-0.10228388	0.00959702	0.00592123	0.00880059	0.05614649	-0.06508706	0.03748745	0.06190323	-0.03080936	-0.07017075	-0.13962705	0.07337008	0.01945272	0.08618772	-0.04368732	-0.04399963	0.06756362	0.00722270	-0.00628185	0.10372809	-0.03308381	0.01451934	0.01482649	-0.01132231	0.06787463	0.02935163	-0.07112034	0.00242393	0.01151109	-0.04247676	0.04367729	-0.06704986	-0.08207861	-0.01667569	0.00052548	0.07783224	-0.01538895	-0.00265492	-0.02403552	0.05244957	-0.10023513	-0.02178128	0.15898396	0.06658640	0.01081839	0.02204828	0.03701765	0.04233859	-0.11347975	-0.05779802	0.06285842	-0.06780748	0.01183763	0.00236344	-0.01397224	0.01643979	0.14058031	-0.05686377	0.11502548	0.00980204	0.01501960	-0.01685257	0.02176739	0.06316663	0.04870857	0.03241280	-0.04343739	0.09296508	0.02691823	-0.08765181	-0.11321968	-0.07379062	0.01620416	-0.05166590	-0.16051973	-0.05675422	-0.01481140	-0.09423897	0.04897325	0.03392098	-0.07263234	0.05380588	-0.09785521	-0.06482844	0.05986022	-0.05503542	-0.04961743	0.02404529	0.02239301	-0.04400997	0.02131602	0.03775475	0.03725528	-0.02757615	0.05701222	-0.08618777	0.00612913	-0.05764069	-0.05059213	-0.05289111	0.05874315	-0.13750844	0.09605317	0.00657242	-0.03410630	-0.10931533	-0.03963266	0.04672295	-0.02180634	0.19866204	0.02072235	-0.03419424	0.03065132	0.03348477	-0.08091924	-0.07599774	0.01041906	-0.00380472	-0.07053905	-0.02721346	0.04118968	-0.06776333	0.09598141	-0.06613953	0.02098746	0.03891596	0.00669198	0.11657329	-0.03043749	0.09868487	0.10136642	-0.01326548	0.13984159	0.03367578	-0.00597798	-0.02765056	0.05287955	0.06478775	-0.06432879	-0.00919595	0.02705133	0.02200509	-0.02547481	0.04815947	0.08292024	0.06632009	-0.08110198	-0.01854791	0.04200076	0.10713638	-0.03843937	-0.05570969	-0.07007616	-0.07313225	-0.05245013	0.04190503	-0.01567107	-0.05253300	0.01319379	-0.05045793	0.06096078	0.04642798	0.04693846	0.05547820	-0.00784681	0.02865627	0.04096651	-0.11923469	-0.06125970	-0.03718432	0.02245501	0.00701227	0.06320507	-0.08720180	-0.10966256	-0.06370521	-0.00639756	-0.08224775	-0.02763046	-0.03069911	0.02065857	0.02232454	-0.08522964	-0.08514547	-0.11430482	-0.04555231	-0.02473438	-0.03911335	-0.08031359	-0.14540394	-0.01559291	0.00592977	0.00076165	0.00376522	-0.05819137	-0.09076925	0.02559757	-0.13463765	-0.03900095	-0.07707123	-0.10627040	-0.18106905	0.01869548	0.03312973	-0.05724290	-0.09352797	-0.00197702	-0.05737279	-0.04624261	0.02841913	-0.01115241	0.08131333	-0.06148820	-0.02339335	0.03845701	-0.03856586	0.12072254	0.07258996	0.01586292	-0.02912087	0.02291596	0.00011144	-0.05032563	0.02439588	-0.00287817	0.05144924	0.04490457	-0.00637521
0.08927295	0.11944716	-0.00188869	-0.05405907	-0.03085075	-0.04835906	0.09251595	0.05789240	-0.04732825	-0.01349430	-0.04451364	0.08474077	-0.04056421	-0.00623478	0.05044109	-0.00544641	-0.02575640	-0.04673184	0.06779584	0.07047031	-0.05453762	-0.03128544	0.03504416	-0.07761690	0.04606991	0.01241071	-0.11008914	-0.03427050	-0.09841923	0.01748651	0.01062876	0.01072395	0.05643051	-0.05908701	0.03788624	0.05778355	-0.03315317	-0.06995765	-0.14146072	0.07300124	0.01736317	0.08581957	-0.04878655	-0.04904510	0.06662018	0.00102878	-0.00803160	0.10196856	-0.03236175	0.01614740	0.01372067	-0.00797165	0.06033181	0.02457649	-0.06700228	0.00200510	0.01583054	-0.04371343	0.03560198	-0.06561711	-0.07955180	-0.01636835	-0.00325410	0.08483388	-0.03020232	-0.00305477	-0.02119256	0.04112856	-0.09621837	-0.02260149	0.15649216	0.05922577	0.02036430	0.02449174	0.03923242	0.04260706	-0.11712840	-0.06482430	0.06151084	-0.06344590	0.00550614	-0.00346581	-0.01642861	0.01489260	0.14581427	-0.06715741	0.11717650	0.01336269	0.01301266	-0.01317689	0.02236154	0.05791593	0.04067354	0.03235429	-0.04070593	0.09121222	0.02582395	-0.08495307	-0.10637990	-0.07219731	0.01525861	-0.05353468	-0.15905100	-0.05870752	-0.01598310	-0.09942328	0.04895997	0.02967266	-0.07812536	0.06001801	-0.09739709	-0.06706066	0.06361277	-0.05695000	-0.05160351	0.02762741	0.02604772	-0.03627037	0.01786684	0.04211950	0.03829995	-0.03649632	0.04827441	-0.08557925	0.00306668	-0.05551141	-0.05292184	-0.05912455	0.05794998	-0.14036615	0.09549956	0.00433521	-0.03228664	-0.10567758	-0.03759132	0.04828774	-0.01420987	0.19579242	0.02136279	-0.03821297	0.02798213	0.03693011	-0.08256342	-0.07215808	0.01004699	-0.00726711	-0.07074031	-0.03484254	0.04571507	-0.06498824	0.09505021	-0.05769414	0.02364534	0.03553722	0.00580958	0.11464744	-0.03259140	0.09792273	0.10704712	-0.00562348	0.13335368	0.03000736	-0.00165878	-0.03403531	0.04406492	0.06881353	-0.07557756	-0.01301442	0.01944630	0.02062232	-0.02770543	0.05239061	0.08853088	0.06188153	-0.08355438	-0.02897073	0.04089231	0.10744788	-0.03877400	-0.05953184	-0.06901874	-0.06648886	-0.04845414	0.03733274	-0.02060358	-0.04669921	0.01093857	-0.06003398	0.06120699	0.04203219	0.04287511	0.05286845	-0.00803185	0.01739077	0.04255651	-0.11842142	-0.06210792	-0.03123511	0.02206003	0.01006851	0.05753238	-0.09526047	-0.11032300	-0.06280287	-0.00959190	-0.07714784	-0.02909765	-0.03236161	0.02658125	0.02248932	-0.08721419	-0.08264245	-0.10996167	-0.04486195	-0.02382320	-0.04150989	-0.08040904	-0.13960998	-0.01195953	-0.00193699	-0.00608065	0.00052083	-0.05864048	-0.09713963	0.02393166	-0.13914801	-0.03671289	-0.08298103	-0.11178054	-0.18378459	0.01975192	0.03082227	-0.06083437	-0.09383740	-0.01060334	-0.05104508	-0.04805110	0.02486467	-0.01244962	0.07533831	-0.05633268	-0.02217268	0.03385518	-0.04495022	0.11627653	0.06637076	0.01527850	-0.03601262	0.02962678	0.00265774	-0.05989892	0.02111965	-0.00334650	0.06113417	0.04119113	-0.00406078
0.01222964	-0.06018810	0.05331114	-0.03013337	-0.14055532	-0.06622649	-0.08736560	-0.05696089	0.02711677	0.00224483	-0.06461694	-0.03633190	-0.08621166	0.04702824	0.11004891	0.01229294	-0.06557942	0.02413224	0.01900398	-0.00002781	0.05881039	0.11538748	0.08070225	0.03151184	0.01052455	0.05877552	0.03822934	-0.03058498	-0.00187476	0.02785995	0.03996858	0.08766184	-0.04665708	0.00968208	0.06648357	0.03366472	0.04199520	-0.10979529	0.06960327	0.10967670	0.00355390	0.06058702	-0.02172144	-0.06204292	-0.03156267	-0.07606641	0.05963893	-0.00235240	0.09835427	-0.08123963	-0.04691099	0.07267398	-0.08976270	-0.04976023	0.09555997	-0.04597977	-0.04756015	0.16109060	-0.05303746	0.00153862	-0.08370010	-0.04654545	0.07312441	-0.10791208	0.07060528	0.02166093	0.02698051	0.05994844	-0.01886476	-0.02586776	-0.00705063	-0.02721937	0.06280997	0.00686332	0.03887964	-0.01623454	-0.09776471	-0.11286359	0.00051159	-0.11267224	0.10853990	0.01886972	0.04660193	-0.10605239	-0.02116041	0.02196480	0.06757186	0.06309552	0.04428377	0.05349652	-0.04953207	0.00775762	-0.01551152	-0.06461895	0.03243174	-0.00137502	-0.03616500	-0.02050906	0.00496599	0.09742185	0.01583721	0.01360021	-0.00793602	-0.06739978	-0.00660333	0.01516032	-0.09063090	-0.01980621	0.02434625	-0.04525913	-0.10826292	0.04488433	0.07362005	0.06050594	0.00700096	-0.11466911	-0.09637234	-0.06899920	0.05968608	-0.04857777	-0.03272412	0.04170355	0.05398863	0.00853560	-0.01235441	-0.07687239	-0.01074134	0.02574240	0.02656958	0.06172984	0.06256120	0.10661396	-0.06016847	-0.00510339	0.02924510	-0.03279969	-0.04288843	-0.03722645	0.02314167	-0.06552984	0.00984609	0.01657070	-0.02416060	-0.01302789	0.09045777	-0.03438051	0.00820708	-0.01981373	0.02431836	0.06956267	-0.15395980	0.04371750	0.08014157	0.05043272	-0.03644205	-0.07894612	0.06615942	-0.11797774	0.03145817	0.02036977	0.14481126	-0.04224829	0.12045959	-0.04698206	-0.04012904	-0.05847127	0.07052752	-0.06970914	-0.07747625	-0.07790983	-0.00620960	0.02276778	0.12224577	-0.02484339	0.13826242	0.06983849	-0.01634449	0.05274206	-0.01529856	-0.02063331	0.07425968	0.06428438	0.05719835	0.02726568	0.08378163	0.05930988	-0.07977974	0.02279518	0.07850222	-0.02226398	0.02254104	0.00925236	-0.01748294	0.07959237	0.05622228	0.05147174	0.05124406	0.07235484	0.02447686	-0.00312207	-0.07957700	0.03531521	-0.02911365	-0.13442907	-0.01657889	0.07757828	0.07423194	0.07203160	0.03454486	-0.01142090	0.07832034	-0.01241544	-0.01236220	-0.12149371	-0.01609693	0.09067866	0.07421164	-0.01862664	0.00400892	-0.04821494	-0.04314492	0.10129921	-0.09723756	0.01375397	0.06930783	-0.01857585	-0.03361063	0.04258918	-0.09192538	0.00469919	0.11571580	-0.02192770	0.03984481	-0.00192653	-0.03126071	0.01842238	-0.04171168	-0.06938729	0.01552968	-0.12445249	-0.09155747	0.00248021	-0.01360533	0.05134460	0.02755689	0.01659929	0.04508077	-0.06734350	0.09136776	0.01277783	-0.11452402	-0.05191476	0.16070557	-0.12136621	0.03539064	0.03729519
0.01815673	-0.05605073	0.03967728	-0.03093546	-0.13336639	-0.06431232	-0.08960330	-0.05649393	0.02975801	0.00310917	-0.07191762	-0.03665067	-0.08031034	0.04885739	0.10574460	0.01348981	-0.06785379	0.02392852	0.01780070	-0.00282615	0.05644173	0.11134266	0.08051195	0.03310880	0.00162421	0.05373494	0.04441759	-0.02410238	-0.00000771	0.02812986	0.03709450	0.09379023	-0.04195645	0.01750427	0.06302335	0.03379134	0.04192979	-0.11662367	0.06862158	0.10336713	0.00080116	0.06186724	-0.02257562	-0.05489057	-0.03445304	-0.08472123	0.05473961	-0.00086717	0.09983638	-0.08356716	-0.05301680	0.06934964	-0.09044135	-0.04358044	0.10170384	-0.05460465	-0.04434874	0.15997952	-0.05095404	0.00185782	-0.08539097	-0.03990272	0.07609531	-0.10958628	0.06994716	0.02487078	0.02577701	0.05504622	-0.01483828	-0.01990733	-0.01313232	-0.02606164	0.07453007	0.01062328	0.03842685	-0.01487692	-0.09316792	-0.11697065	-0.00691526	-0.11690804	0.10234134	0.01972114	0.05235777	-0.09907114	-0.01954854	0.03161602	0.06999142	0.06212892	0.03588530	0.05033423	-0.04990645	0.00519454	-0.01279799	-0.05956728	0.03671597	-0.01290064	-0.03528103	-0.02085650	0.00205044	0.10147101	0.01306396	0.00749894	-0.00784131	-0.07010366	-0.01010682	0.01861633	-0.09271535	-0.01816102	0.02535678	-0.04730771	-0.10118664	0.04831275	0.06980290	0.05518420	0.01030330	-0.11849061	-0.09972574	-0.06892131	0.06112336	-0.05070625	-0.03961974	0.03095056	0.05885091	0.00689331	-0.01605281	-0.07726606	-0.00608412	0.01731115	0.03073195	0.06863578	0.05982762	0.11627454	-0.06117799	-0.00235785	0.03151764	-0.02677420	-0.04420110	-0.04595795	0.02253945	-0.06825072	0.01256596	0.01106247	-0.03427567	-0.01495774	0.08565305	-0.03333943	0.00418865	-0.02468106	0.02672910	0.07297136	-0.15241243	0.04442709	0.08132707	0.04926287	-0.03931557	-0.08021479	0.06586405	-0.11225830	0.03631387	0.02230800	0.14765538	-0.04192172	0.12350042	-0.04163936	-0.03690767	-0.06117102	0.06318591	-0.06879562	-0.08241706	-0.07281626	-0.00236041	0.02093429	0.11563504	-0.02568619	0.14422552	0.06723057	-0.01062295	0.05017611	-0.01744218	-0.02629661	0.07984346	0.06993000	0.06195694	0.03554567	0.08373073	0.05348842	-0.07140573	0.03196666	0.07995080	-0.02815419	0.02267322	0.01280718	-0.02270938	0.07698460	0.05265205	0.05596847	0.05517842	0.07113706	0.02403695	0.00372948	-0.08446462	0.03729742	-0.03570302	-0.13302037	-0.01813028	0.07542513	0.07708683	0.06660058	0.03028708	-0.01468063	0.07752906	-0.01286529	-0.01369977	-0.11663160	-0.02216693	0.09724856	0.07558744	-0.01020871	0.00520618	-0.04385458	-0.04232936	0.09185147	-0.09923132	0.01486090	0.06555747	-0.01861378	-0.03338602	0.03814525	-0.09266037	0.00131191	0.12048648	-0.02777693	0.04307881	0.00122605	-0.02750120	0.01346587	-0.02527420	-0.06537091	0.01520790	-0.12725145	-0.08980297	0.00191226	-0.01192495	0.05612270	0.03772102	0.02051984	0.03657505	-0.05902479	0.09169867	0.01444398	-0.11789405	-0.05480482	0.15766387	-0.12072736	0.03031372	0.03585143
0.01594622	-0.05790746	0.04635907	-0.03190076	-0.14572863	-0.06279270	-0.08874119	-0.05485361	0.02441657	0.00265794	-0.06988755	-0.03591271	-0.08481009	0.04877964	0.11016412	0.01235845	-0.06326717	0.02768189	0.01698296	-0.00448419	0.05963428	0.10806766	0.07912771	0.03462390	0.01121881	0.06343861	0.03778323	-0.02796488	-0.00016753	0.03081933	0.03348867	0.08931790	-0.04677563	0.01141607	0.05840823	0.03046378	0.04177399	-0.11277667	0.07352515	0.10906973	0.00062937	0.06206894	-0.02239521	-0.05444789	-0.03203531	-0.08567981	0.06299120	-0.00129020	0.09702224	-0.07935558	-0.05048510	0.07238677	-0.08491793	-0.04949038	0.10825012	-0.05381565	-0.04837462	0.15926935	-0.05494356	-0.00180362	-0.08291814	-0.04364973	0.07646310	-0.11452410	0.07285587	0.02637533	0.02677613	0.05616613	-0.01391621	-0.02336092	-0.01721004	-0.02840460	0.06536291	0.01043492	0.03540311	-0.01419805	-0.08659127	-0.11500896	0.00005436	-0.11456575	0.10348323	0.02220245	0.05293398	-0.10593586	-0.01769055	0.03236385	0.06219509	0.05551454	0.04284026	0.05214801	-0.05307877	0.00906582	-0.01634918	-0.05964011	0.03494573	-0.00308181	-0.03486196	-0.01757602	-0.00254732	0.09922464	0.01398545	0.00689829	-0.00669339	-0.06226989	-0.01232351	0.01711787	-0.08942135	-0.01819935	0.02512810	-0.04560800	-0.10053050	0.05679652	0.07011929	0.05684995	0.01369285	-0.11679585	-0.09683488	-0.06933924	0.06014282	-0.05008947	-0.04143810	0.03304818	0.05286976	0.00909128	-0.00826607	-0.07243845	-0.00634194	0.02243840	0.03106799	0.07067363	0.06624594	0.10837409	-0.05841715	-0.01068677	0.03388572	-0.03023308	-0.04007316	-0.04337295	0.02998423	-0.06324090	0.01099850	0.01558421	-0.02833354	-0.01126009	0.08945629	-0.03386220	0.00246355	-0.02420284	0.02289600	0.06943832	-0.15348150	0.04640123	0.08441144	0.04702367	-0.03334130	-0.08149851	0.06101478	-0.11611429	0.03581893	0.02527726	0.14244927	-0.03784047	0.12593536	-0.05530829	-0.03684139	-0.06162341	0.07277470	-0.06788471	-0.07602029	-0.07339153	-0.00307355	0.02580750	0.12172681	-0.02839665	0.14081353	0.06727853	-0.01045203	0.04765460	-0.01143097	-0.02423751	0.07644037	0.06350072	0.06014335	0.03151406	0.08383899	0.05575836	-0.07646652	0.02562210	0.07578333	-0.01886030	0.01964301	0.01713087	-0.01247256	0.07770405	0.04943397	0.05202074	0.05389354	0.06768470	0.01784962	0.00182344	-0.08626404	0.02968603	-0.03986262	-0.13454674	-0.01810251	0.08281821	0.07884663	0.07265019	0.03241176	-0.01260855	0.07626709	-0.01724351	-0.01595810	-0.11331233	-0.01898571	0.09572553	0.07295415	-0.01461907	-0.00030316	-0.04546401	-0.03922882	0.09699278	-0.09450394	0.01344482	0.06855543	-0.02055855	-0.03436489	0.04197548	-0.09013119	-0.00203832	0.11910485	-0.01930686	0.04558584	0.00379707	-0.02848702	0.01731596	-0.03528748	-0.06740423	0.01313901	-0.12280911	-0.08858173	0.00379687	-0.01170322	0.05515519	0.03299616	0.01857651	0.04026562	-0.07135187	0.08549907	0.01344089	-0.11478154	-0.05755518	0.16360953	-0.11952715	0.04250306	0.03160367
0.01572403	-0.05589313	0.05018102	-0.02943004	-0.13371110	-0.06801607	-0.08863721	-0.05831794	0.03129483	0.00438933	-0.06679036	-0.03556163	-0.08167180	0.04803585	0.11151733	0.01025273	-0.06159932	0.02667558	0.01249392	0.00717195	0.05754713	0.11106846	0.08312558	0.02654395	0.00837868	0.05711450	0.04635032	-0.02962476	0.00611545	0.03441426	0.04034321	0.09676330	-0.03994784	0.00874079	0.06268366	0.02931920	0.04019098	-0.10706259	0.06734214	0.10994218	0.00163469	0.06298938	-0.02271905	-0.05909073	-0.03608685	-0.08185256	0.05850197	-0.00462810	0.10599647	-0.07820925	-0.05785093	0.07170171	-0.08800032	-0.03958582	0.10380874	-0.05163573	-0.05582625	0.15294190	-0.05037113	0.00342765	-0.08918965	-0.04382155	0.07624096	-0.10742112	0.07179345	0.02780890	0.02758381	0.05474766	-0.01815782	-0.02705760	-0.00926033	-0.03234959	0.07332253	0.00462753	0.03590358	-0.01713582	-0.09706137	-0.11552972	-0.00692091	-0.11410784	0.10186785	0.01294794	0.04265684	-0.09862200	-0.01827395	0.03205866	0.07172375	0.06004618	0.03850438	0.05544178	-0.04777693	0.00577837	-0.01802874	-0.05746468	0.02901567	-0.01155540	-0.04078212	-0.02198060	0.00681978	0.09836175	0.01299491	0.00457570	-0.00660730	-0.06286281	-0.01446314	0.02179855	-0.08600566	-0.02060707	0.02704894	-0.04250738	-0.10456387	0.05170425	0.06661984	0.05861839	0.00675972	-0.11665919	-0.09708475	-0.06817147	0.06626657	-0.04852430	-0.04107292	0.03793680	0.05553347	0.01335430	-0.01322662	-0.07656239	-0.00863419	0.01890816	0.02506505	0.07130500	0.06394719	0.10584716	-0.06800056	-0.00622651	0.03430489	-0.02716990	-0.04108270	-0.04213921	0.02228841	-0.05769429	0.00403380	0.01308814	-0.03049188	-0.01204877	0.08636869	-0.03452767	0.00845418	-0.01987327	0.02084873	0.06876236	-0.15318292	0.04948424	0.07888009	0.04350909	-0.03867263	-0.07785087	0.06639394	-0.11492079	0.03285818	0.01813772	0.14318788	-0.03658684	0.12318774	-0.04791158	-0.03550858	-0.06324469	0.06851849	-0.06375550	-0.08161116	-0.07107110	-0.00603240	0.03059924	0.12814330	-0.02550337	0.14172755	0.06204636	-0.01212654	0.05488021	-0.01717978	-0.03125869	0.07194021	0.05812732	0.06064411	0.03676517	0.09088716	0.05797168	-0.07356136	0.03109462	0.08026597	-0.02618366	0.01399182	0.01497585	-0.01759264	0.08246963	0.05180911	0.05020593	0.05382560	0.07428595	0.02758663	-0.00105772	-0.08332379	0.03345571	-0.03463058	-0.13273689	-0.01611835	0.07898329	0.08174309	0.07012056	0.03403975	-0.01515403	0.07287361	-0.01469541	-0.01210769	-0.11608841	-0.01462231	0.09786195	0.07468870	-0.01371258	0.00663709	-0.04370895	-0.04630703	0.10201155	-0.09584045	0.01710002	0.06780702	-0.01447037	-0.03036702	0.04130489	-0.08980710	-0.00664309	0.11763860	-0.02594512	0.04474914	0.00574867	-0.02574322	0.01402516	-0.02995042	-0.07349834	0.01765689	-0.11674970	-0.09204264	0.00212941	-0.00758169	0.05617228	0.03757426	0.01932406	0.03858153	-0.06569700	0.08714263	0.01673181	-0.11344371	-0.06640608	0.16199659	-0.12378276	0.03083900	0.04055363
-0.04342135	-0.11996978	0.03617011	0.12554820	0.04677442	-0.07331946	-0.04438281	-0.00084017	0.00822386	0.01747193	0.01971590	-0.00577921	-0.06101195	0.01119592	-0.00054732	-0.09056800	0.05884628	0.11873832	-0.01540938	0.08001752	0.04347795	0.06988464	0.04543983	-0.14585811	0.14211532	0.08160552	0.12963350	-0.02625025	-0.07376927	0.10114071	0.01899520	0.06393134	-0.01807647	0.09717692	-0.09670410	0.03740866	-0.02470400	-0.15339987	0.05699319	0.10064881	0.05203351	-0.02368514	0.06504720	0.01009927	-0.00192933	0.00060059	-0.03144220	0.02762803	0.10966079	-0.00079210	0.06764924	0.08377513	0.00304564	0.07602867	-0.01909452	-0.06146754	-0.02126500	0.02985050	-0.12814227	-0.04496099	-0.04328880	0.14257443	0.04305327	-0.13776633	0.01078394	-0.03599590	0.04613804	0.01181743	-0.01648165	-0.10591963	0.07050238	0.01861718	-0.02973874	-0.02358116	0.04574863	0.02044146	-0.04522924	0.04607857	-0.01407136	0.00075813	0.00905727	0.02119465	0.03644215	0.03761626	0.08174019	-0.07161193	-0.01591153	0.14423452	0.10100937	-0.02875431	-0.08038587	-0.03620973	0.02340382	0.03133559	0.09151073	0.01823726	0.00828228	-0.04558187	0.04604473	-0.07626571	-0.06502527	0.02209444	-0.01168331	0.02074830	0.07806686	0.01577653	-0.11071464	0.00242328	0.07044236	-0.11168522	-0.02936631	0.05090724	0.11967620	0.04748696	0.04623088	-0.08196742	0.02284506	-0.02603973	-0.00815842	-0.01844146	0.05116627	-0.00975741	0.03441983	-0.02554962	-0.02023906	-0.01888028	-0.01262789	-0.04453999	-0.05005350	0.02645371	0.04714679	0.15185028	-0.05192910	-0.03522640	0.08431788	-0.08808323	-0.00165785	0.01125174	0.00708578	-0.04534772	0.02846855	-0.08211579	-0.10288341	-0.03079296	-0.05735729	-0.05463182	0.00068451	-0.08784510	0.01049107	-0.00216481	0.01590692	0.04301769	-0.00084908	-0.00788191	0.00414850	-0.15335260	0.10857362	-0.08566806	-0.00657323	0.05145490	0.09896914	-0.00075937	0.01935169	-0.06312080	-0.06549951	0.00208693	-0.07692435	-0.05155355	0.01154992	-0.14251576	0.04123254	0.01082205	0.01349210	-0.00525111	0.11929885	0.00672008	-0.03219588	0.08176164	0.01821656	-0.01825067	0.13658458	0.03216349	-0.01979353	0.02779166	0.03383012	0.00614686	-0.02507761	0.05402631	-0.06642346	0.01450705	-0.06194559	0.00525283	0.07749657	0.04939824	-0.02292957	-0.08430696	0.00575317	0.02712804	-0.01468335	-0.12489052	-0.02524861	0.02401144	-0.01917616	-0.01756850	-0.04802580	-0.00588747	-0.04700949	0.11531395	0.06215464	-0.01044179	-0.11415024	-0.03813959	-0.14911954	-0.12652749	-0.01880701	-0.06977146	0.02034946	-0.01113463	0.02605454	0.00857359	-0.08016475	0.13792250	-0.04026483	0.04455560	0.14614752	0.00369443	-0.10141896	0.06140500	0.00636964	-0.01764574	0.03101088	-0.01272079	-0.05002559	-0.03664839	0.05387018	0.05720569	0.01256847	-0.08378037	-0.02146815	-0.10232573	-0.00542305	0.00834268	-0.01439557	-0.02886224	0.02780172	-0.05422194	-0.01438522	0.06955151	0.08935989	0.08806879	-0.04996879	0.01750734	-0.03731066	0.03310160	0.02606374	-0.02412151
-0.04414123	-0.11572365	0.03503041	0.12410396	0.04365607	-0.06104951	-0.04869343	0.00289773	0.01380349	0.01788114	0.02242401	0.00087239	-0.05731638	0.00835752	-0.00187385	-0.08994175	0.05697538	0.11374648	-0.02189732	0.08660478	0.03880534	0.06627999	0.04782872	-0.14908624	0.14836657	0.08081394	0.12297330	-0.02765720	-0.07805968	0.10672147	0.01467237	0.07087015	-0.01695909	0.09274697	-0.09329496	0.03639490	-0.03058805	-0.15333965	0.05863861	0.10505651	0.05920547	-0.02409860	0.06910135	0.01341960	0.00259819	-0.01183383	-0.03202322	0.02393135	0.11154933	-0.00047993	0.06365260	0.07986333	-0.00172863	0.08225120	-0.01060967	-0.06717165	-0.01940109	0.03696395	-0.13522074	-0.04629210	-0.04365155	0.14078757	0.04013066	-0.14367120	0.01446780	-0.04088463	0.04978977	0.01255389	-0.01223600	-0.09808446	0.07630022	0.01879602	-0.03034054	-0.02956968	0.04993014	0.01870329	-0.04737490	0.05214862	-0.01641860	0.00435214	0.01637400	0.02442611	0.03677582	0.04319289	0.08195244	-0.07094935	-0.01822389	0.14642064	0.10551027	-0.03096318	-0.07416720	-0.03256214	0.02275870	0.03998248	0.08956207	0.02106703	0.00710425	-0.04027313	0.03771435	-0.07363577	-0.05503935	0.02351212	-0.00669542	0.02179877	0.07695662	0.01744646	-0.11279362	-0.00131750	0.06924991	-0.11261682	-0.03345498	0.04281145	0.12066653	0.04754796	0.04940829	-0.08762562	0.03006805	-0.02624067	-0.01331936	-0.01702702	0.04605664	-0.00847134	0.03557630	-0.01569204	-0.02053506	-0.01393210	-0.00770088	-0.05390563	-0.05378102	0.02825761	0.03378393	0.14610189	-0.06090169	-0.03650114	0.08760353	-0.09171357	-0.00315508	0.00933413	0.00112025	-0.05141338	0.03083946	-0.08561697	-0.09494855	-0.02608047	-0.05695829	-0.05110401	-0.00169717	-0.08340070	0.01693595	-0.00992293	0.01377981	0.04600759	-0.00407618	-0.00410792	0.00394532	-0.14966759	0.10705313	-0.09178386	-0.00589834	0.04553787	0.09226475	0.00938941	0.02211137	-0.07300784	-0.07463710	-0.00130038	-0.06654579	-0.04352857	0.00940247	-0.14368673	0.03760725	0.01015009	0.00069061	-0.00041964	0.11712302	0.00873645	-0.02847253	0.07318343	0.01728014	-0.01786810	0.13355055	0.03939045	-0.01872563	0.02462992	0.03244993	0.00793561	-0.02426404	0.05524665	-0.06101767	0.01729047	-0.06492788	0.00435604	0.07277595	0.04091374	-0.02237402	-0.08092853	0.00600777	0.02817108	-0.01743190	-0.12437033	-0.02918120	0.02637677	-0.02404824	-0.02114624	-0.04143948	-0.00449842	-0.04703063	0.11622158	0.05739876	-0.00625214	-0.11019918	-0.04202923	-0.15300249	-0.12702478	-0.02229347	-0.07345787	0.01967932	-0.01123116	0.02680254	0.01146258	-0.08465187	0.14108291	-0.03216991	0.04397362	0.15143497	0.00411826	-0.10206647	0.06090803	0.00619670	-0.01935148	0.02452019	-0.01422824	-0.04849896	-0.03235028	0.05240951	0.05631447	0.01129313	-0.08251417	-0.01809018	-0.10034813	-0.00058479	0.01241750	-0.00565250	-0.03307930	0.02079813	-0.05648221	-0.00844665	0.07289508	0.09044173	0.07863040	-0.04896713	0.01615746	-0.04789999	0.02367240	0.02096688	-0.02337946
-0.04037171	-0.11546902	0.03447866	0.12018111	0.03850013	-0.06755815	-0.04478063	-0.00090074	0.01527700	0.01780657	0.01866736	-0.00527823	-0.05870759	0.01281171	0.00155363	-0.08331884	0.05972552	0.11351275	-0.01759255	0.07939087	0.04312498	0.06350457	0.05032213	-0.14756730	0.13878191	0.07647935	0.13031207	-0.02251335	-0.07507716	0.11367995	0.01305914	0.06909920	-0.01759378	0.09499563	-0.09729604	0.03697439	-0.02860731	-0.15576977	0.05520699	0.09728115	0.05452354	-0.01815419	0.07533617	0.01037455	0.00132426	-0.00951684	-0.03161779	0.02600616	0.11260966	-0.00011466	0.06012920	0.07917637	-0.00081575	0.07674148	-0.01345855	-0.06076023	-0.00791845	0.03175450	-0.13530535	-0.04915977	-0.04504236	0.14500958	0.04521811	-0.13568127	0.01641682	-0.03990338	0.04472667	0.01386887	-0.01610429	-0.10766038	0.07201655	0.01891933	-0.02650865	-0.03183123	0.05362375	0.02110829	-0.04298424	0.04413382	-0.01485270	0.00025424	0.01668878	0.02442233	0.04101289	0.04334163	0.08466418	-0.07171656	-0.02733501	0.13861462	0.10389616	-0.02731463	-0.08436824	-0.02796635	0.02599080	0.03537663	0.09278271	0.01774833	0.00817554	-0.04185167	0.05212404	-0.07295038	-0.06506266	0.02009527	-0.01016603	0.01665348	0.07487820	0.01372693	-0.11298888	0.00384494	0.06759112	-0.11053593	-0.03479033	0.05233374	0.11469302	0.04977415	0.05170089	-0.07933578	0.02930514	-0.02871744	-0.00227765	-0.01533419	0.04700005	-0.00751340	0.03532638	-0.01504876	-0.02045131	-0.01743889	-0.00843706	-0.04399928	-0.04648549	0.02885214	0.03644942	0.14823532	-0.06250908	-0.02971569	0.08557748	-0.09143155	0.00431036	0.00880706	0.00040145	-0.04722722	0.02770629	-0.08672972	-0.09647685	-0.03246481	-0.05555222	-0.04809655	-0.00766368	-0.09296433	0.00884021	-0.00148408	0.00956727	0.03865919	-0.00294146	0.00120920	-0.00377514	-0.15175596	0.10849488	-0.09106052	-0.00536938	0.04870988	0.10699783	0.00200340	0.02133838	-0.06664621	-0.06463587	-0.00332214	-0.07172348	-0.04218797	0.00702373	-0.14073771	0.04544936	0.02221099	0.00820721	0.00038326	0.11516390	0.01185204	-0.02672181	0.07925120	0.02364590	-0.02275745	0.13019010	0.03718593	-0.01281045	0.03689407	0.02968411	0.01599856	-0.02134446	0.05458895	-0.06785004	0.01929920	-0.05921353	0.00323385	0.06714141	0.04274851	-0.02453022	-0.08515216	-0.00101849	0.02152102	-0.01750848	-0.12272219	-0.02822713	0.02574228	-0.02617255	-0.01536039	-0.04513775	-0.00172996	-0.04751286	0.11437983	0.05797474	-0.01066406	-0.11095905	-0.04423725	-0.15625475	-0.13449574	-0.02044431	-0.07628920	0.02014756	-0.01202417	0.03012284	0.01344659	-0.08291136	0.13767946	-0.03830998	0.04241093	0.15315428	0.00263209	-0.10214344	0.06472079	0.01039557	-0.01915603	0.02862377	-0.01477448	-0.04519301	-0.03173864	0.04408335	0.05757706	0.00774582	-0.08268803	-0.02783892	-0.10371870	-0.00518959	0.01590570	-0.00737994	-0.02957580	0.01991146	-0.06131320	-0.01598025	0.07204346	0.09259170	0.08489316	-0.04602938	0.00961593	-0.03942889	0.03085138	0.02207439	-0.03258884
-0.04121991	-0.11232606	0.02997041	0.12409478	0.04167072	-0.06153991	-0.04432787	0.00298140	0.00850870	0.01415240	0.02241538	-0.01119707	-0.05954732	0.01542564	0.00333620	-0.08522461	0.05936294	0.12082328	-0.01732378	0.08287791	0.03721885	0.07090874	0.04057377	-0.14729942	0.14175874	0.07923909	0.12843867	-0.02488060	-0.06831879	0.11468451	0.01407550	0.07234085	-0.01319975	0.09727949	-0.09664242	0.04036530	-0.02378566	-0.15950003	0.05281109	0.09692629	0.06434963	-0.01989393	0.07313424	0.01738936	0.00529305	-0.00588321	-0.03162540	0.02640164	0.10717867	-0.00032361	0.06856564	0.07698327	-0.00494943	0.07365099	-0.00952561	-0.06744904	-0.01660711	0.03386440	-0.13434514	-0.04236854	-0.04627443	0.14742658	0.04588795	-0.14431222	0.01259211	-0.03824791	0.04632083	0.00479286	-0.01501455	-0.10301455	0.07364343	0.02451863	-0.02999830	-0.02346817	0.04664009	0.02426140	-0.04265952	0.04033881	-0.02256836	0.00268776	0.01427474	0.02247674	0.03666848	0.03877039	0.08502080	-0.06944931	-0.01320992	0.14247359	0.10459393	-0.02839770	-0.08586974	-0.03541945	0.02779372	0.03918646	0.08891007	0.01953102	0.00788027	-0.03822148	0.04176073	-0.07327382	-0.05834787	0.02350910	-0.00820098	0.01918429	0.06996796	0.01828197	-0.11420047	0.00622805	0.06742869	-0.10845430	-0.02789925	0.04509602	0.12216038	0.04610019	0.04279581	-0.08172462	0.03012566	-0.02219214	-0.00350318	-0.02537947	0.04962529	-0.01412074	0.03005794	-0.01705087	-0.01993770	-0.01369718	-0.01593800	-0.04173710	-0.04857323	0.02753297	0.03853841	0.14824909	-0.05431157	-0.03654463	0.08222216	-0.08463549	0.00053585	0.01554584	0.00413393	-0.04609393	0.03138333	-0.07848642	-0.09227500	-0.02782452	-0.05231054	-0.05074969	-0.00174114	-0.09469657	0.01395955	-0.00910553	0.00764476	0.04045602	-0.00204838	0.00244264	0.00407962	-0.15422434	0.11207836	-0.08856434	-0.00422627	0.04432905	0.09495532	0.01099506	0.02515635	-0.07274713	-0.06516138	0.00224820	-0.08167686	-0.04302980	0.01678987	-0.14743389	0.03864827	0.01734506	-0.00076913	-0.00225447	0.12010453	0.01288233	-0.02731851	0.07886508	0.02189997	-0.01767851	0.13750573	0.03893080	-0.01899547	0.03454590	0.03070446	0.00229250	-0.01668091	0.05929493	-0.06414276	0.02322587	-0.06104087	0.00903305	0.07730663	0.04862893	-0.02351467	-0.08568247	0.00659431	0.02593628	-0.01263483	-0.12402222	-0.02967003	0.02814899	-0.02093967	-0.01341190	-0.04764058	-0.00179127	-0.04764785	0.11708400	0.06090902	-0.00810516	-0.10996094	-0.04044251	-0.14821512	-0.13003378	-0.02124410	-0.07358892	0.01879958	-0.01377867	0.02738190	0.00635974	-0.08108000	0.13453996	-0.03865734	0.04204678	0.15328206	0.00927830	-0.09740198	0.06314951	0.00818863	-0.01678191	0.02907359	-0.01433115	-0.04729141	-0.03188926	0.04854994	0.05192865	0.00679728	-0.08836299	-0.02097319	-0.10434458	-0.00417609	0.00881664	-0.00654598	-0.02736563	0.01350711	-0.06105824	-0.01670053	0.06779198	0.09231908	0.08685521	-0.04355662	0.01577317	-0.03639489	0.02872288	0.01450595	-0.02713665
-0.04272039	-0.10765539	0.13201523	0.02749460	-0.05479558	-0.12402356	0.02832626	0.03947971	0.05867484	-0.06547925	-0.03839852	-0.03878097	-0.02335179	-0.00421778	0.06292861	-0.05609072	0.05028463	-0.05392612	0.10228939	0.01822835	0.07292451	0.16911970	0.06108231	0.06682906	0.06149915	0.00612311	0.06828009	-0.03380123	-0.07131751	-0.03886056	0.05993505	0.11376442	-0.01457901	-0.01829043	-0.03409136	0.02804532	-0.04019554	-0.11150309	-0.02242194	0.08894011	0.02017102	0.07848853	-0.01999282	0.03253137	0.04790641	-0.11266808	-0.10627942	0.01887270	0.05465372	-0.08842186	0.05256883	0.03230701	-0.09743293	-0.01781289	0.08122751	-0.03399840	0.01111080	0.10139548	-0.06966934	-0.07883041	-0.00754577	0.01918079	-0.02448848	-0.05816530	0.06780700	0.05637404	0.10445821	0.02684481	0.07284641	-0.10558144	0.10456063	0.02725341	-0.00409208	-0.00287881	0.02768813	-0.05204373	-0.09222899	0.02716788	-0.01348417	0.03287552	-0.00797249	-0.01129509	0.04301435	0.09186176	0.05394103	-0.08383361	-0.02560162	0.03461892	-0.06941328	0.00009906	-0.00741939	0.05848810	0.05919942	0.07551755	0.01601491	0.01145568	0.02695655	0.01638677	0.03205185	-0.08705472	0.00477616	-0.03857047	-0.06638917	-0.04294048	0.03962047	0.01353044	-0.07147764	-0.02602866	0.01910182	-0.03395452	0.10509707	0.03444269	0.05830218	-0.02941432	0.06433133	-0.06503292	-0.09645367	-0.04272660	-0.02291290	0.01112750	-0.01151763	-0.04863309	-0.02689930	-0.02497551	-0.05018895	0.00656666	0.00314029	-0.04155131	-0.01918109	-0.03056113	0.07093300	-0.02933881	0.06071794	0.03015406	-0.02638346	-0.04715240	0.02407025	0.00147966	0.01562122	-0.06983552	0.06268468	0.00817374	-0.02396636	0.08231390	-0.00014058	0.02053749	-0.02840304	-0.04830433	0.12442302	0.00256085	-0.06366866	0.00374319	0.03972598	-0.02576867	0.07408587	-0.11425547	0.05126685	-0.05807357	0.04488544	0.12492625	0.21306136	0.01805054	0.04349395	-0.03132452	0.12777308	0.00674123	-0.05361066	-0.06725489	-0.01780676	-0.16659689	0.06009544	-0.04617680	0.10418154	-0.01288213	0.09079930	0.06274661	-0.10114818	0.08001939	-0.00210904	-0.03516643	0.03962068	0.08803542	-0.03240201	-0.04973415	0.06381547	0.08793132	-0.03366392	-0.01356112	0.01014954	-0.05430282	0.03868391	-0.02681345	0.04374060	0.02955178	-0.02987123	-0.03713642	0.11317374	0.05174390	0.09340854	-0.06633301	0.04595777	0.03100925	-0.02172193	0.02518426	0.06114416	-0.00013450	0.06436699	0.11186146	-0.03615352	-0.00321439	0.03024250	0.04158490	-0.04701652	-0.08398320	-0.10550528	0.01925295	0.06803335	-0.06267631	-0.04940778	-0.00059277	-0.00343037	0.08239642	0.07775246	-0.08692519	-0.04433522	0.01851332	-0.10267864	-0.02770313	0.00884842	-0.03950329	0.04141146	-0.02222187	-0.08373339	-0.01970514	0.05439799	-0.01997894	-0.12761647	-0.07182302	-0.01589980	-0.17553888	-0.12227372	0.00102417	-0.10434000	-0.04297161	-0.07564517	-0.00030343	-0.04648586	0.12825185	0.07054609	0.05746905	-0.07223587	-0.03084080	0.05119529	-0.00300039	-0.07278246	-0.01770713
-0.04641092	-0.10543949	0.13657206	0.02774885	-0.05859584	-0.11871575	0.03038533	0.03852816	0.05336680	-0.06403959	-0.03774062	-0.04466894	-0.03066270	-0.01285301	0.06320302	-0.05430699	0.04501948	-0.05751256	0.10492159	0.01530964	0.07146074	0.16680501	0.06289824	0.06741182	0.05967149	0.00913115	0.06395375	-0.02611718	-0.07382163	-0.03865642	0.06225088	0.11342494	-0.01199180	-0.02205719	-0.04160908	0.02405204	-0.03808487	-0.11520872	-0.01321660	0.08038717	0.01935142	0.08670583	-0.02266274	0.03735187	0.04793390	-0.10937960	-0.09939651	0.02513334	0.06311245	-0.08267309	0.04932943	0.03752453	-0.10164015	-0.01718664	0.07704473	-0.03829612	0.01062769	0.10288672	-0.06845567	-0.08311236	-0.01098996	0.01618709	-0.02199503	-0.05952648	0.07404626	0.05709682	0.10940310	0.02568958	0.07390843	-0.09888951	0.10723768	0.02236805	-0.01069853	0.00095056	0.02297671	-0.05217084	-0.08506001	0.03412043	-0.01059201	0.03552593	-0.01963783	-0.01368180	0.04524856	0.08572325	0.04947254	-0.08126505	-0.03038940	0.03417480	-0.06710735	0.00156287	-0.01309634	0.06275237	0.06851364	0.08291844	0.02006976	0.01148263	0.03240345	0.01680027	0.02251983	-0.08931774	0.00513650	-0.04282963	-0.07202176	-0.04218822	0.04260309	0.01662639	-0.06422625	-0.02879632	0.02277387	-0.02759139	0.09704436	0.03567040	0.06523594	-0.02909847	0.06532584	-0.06236959	-0.08741396	-0.03591279	-0.02459810	0.00644837	-0.01120988	-0.04836363	-0.02489508	-0.02548909	-0.04864690	0.00423365	0.01824534	-0.03715525	-0.01542926	-0.03107118	0.06609261	-0.02547753	0.05193042	0.03360851	-0.03395362	-0.04383470	0.03353675	-0.00554116	0.00140284	-0.06015913	0.06746861	0.00253695	-0.02708729	0.08432008	-0.00561697	0.00762715	-0.02751134	-0.05523231	0.12211870	0.00391265	-0.07085968	0.00310638	0.04304169	-0.03634075	0.07438142	-0.11795566	0.05779567	-0.05743338	0.04158214	0.13552262	0.21590306	0.01916611	0.03874929	-0.02892910	0.13175721	0.00700375	-0.04860548	-0.06866834	-0.01968385	-0.16534254	0.05952084	-0.04523745	0.10180406	-0.01747240	0.08181467	0.05887008	-0.10048898	0.07170037	-0.00614415	-0.02848297	0.04079934	0.09135582	-0.03417267	-0.04583836	0.06802057	0.08486942	-0.02976051	-0.01606259	0.02008343	-0.05966283	0.04283043	-0.02262491	0.03254193	0.03549481	-0.03470794	-0.03539660	0.11530723	0.05301127	0.09434005	-0.06536532	0.03654912	0.02997083	-0.02235088	0.02158010	0.05611305	0.00498169	0.05819466	0.11945244	-0.03774706	0.00051345	0.02689839	0.03188786	-0.05602230	-0.08150999	-0.09922791	0.01740596	0.06541827	-0.06429379	-0.04086086	-0.00118833	-0.00211799	0.08229400	0.08284456	-0.07772774	-0.04724262	0.02178145	-0.09651651	-0.02348689	0.00729479	-0.04512258	0.03661959	-0.01920308	-0.07549740	-0.01516872	0.05241622	-0.02267164	-0.12301276	-0.07089930	-0.01429638	-0.17547479	-0.12896352	0.00755646	-0.11162258	-0.04424695	-0.07906851	0.00228101	-0.04348883	0.13915905	0.06523717	0.06215091	-0.08045497	-0.02906689	0.04854637	0.00004479	-0.06478426	-0.01678180
-0.04678354	-0.10595720	0.13153684	0.02998064	-0.06308100	-0.12038972	0.03092922	0.03441146	0.05682800	-0.05875618	-0.03934182	-0.04404453	-0.02937655	-0.00454925	0.06657470	-0.05995230	0.05046422	-0.05736001	0.10206877	0.01461128	0.07434873	0.17252462	0.06811784	0.06388477	0.05909155	0.00328751	0.06490298	-0.03480113	-0.06886890	-0.03676087	0.06002690	0.10316527	-0.01054737	-0.02672530	-0.03617818	0.03071179	-0.03910807	-0.12088068	-0.01846893	0.08863070	0.02171311	0.08139245	-0.02566718	0.03392787	0.05271343	-0.10981973	-0.10006142	0.02163553	0.04988302	-0.07379065	0.05606785	0.03259383	-0.10701012	-0.02594443	0.08477114	-0.04247212	0.00709802	0.09072758	-0.06610352	-0.07636261	-0.00862511	0.01478689	-0.02458261	-0.05888503	0.07115750	0.05894552	0.10864531	0.02662151	0.07757434	-0.09776401	0.10056205	0.03097325	-0.00307248	-0.00186647	0.02546656	-0.05486784	-0.08970334	0.03075881	-0.01744207	0.03438060	-0.01005567	-0.00484600	0.03808246	0.08755041	0.05021705	-0.07250505	-0.02513997	0.04048981	-0.07249016	-0.00003665	-0.01039855	0.06128583	0.05985564	0.07816543	0.01417524	0.00441745	0.03278695	0.01741306	0.02563307	-0.08596041	-0.00286831	-0.04291739	-0.06526816	-0.04646225	0.03775444	0.01200378	-0.06918801	-0.02421602	0.02082740	-0.03713615	0.09780826	0.03734840	0.06489021	-0.03144809	0.06595173	-0.06582741	-0.09210496	-0.03951958	-0.03090204	0.00443467	-0.01455989	-0.04621259	-0.02884117	-0.02214394	-0.04714781	0.00396365	0.00980897	-0.03835049	-0.02436780	-0.02881536	0.06775647	-0.02384587	0.05602282	0.02496540	-0.02689322	-0.04294484	0.03293234	-0.01279067	0.00569014	-0.07373308	0.06047665	0.00949887	-0.02808951	0.07512312	-0.00435424	0.00715617	-0.02627664	-0.04789396	0.12544899	0.00384748	-0.06748132	0.00094351	0.03829119	-0.03116965	0.07064351	-0.11963353	0.05034742	-0.05406244	0.04740675	0.13358641	0.21864204	0.02063897	0.04591831	-0.03339865	0.13385719	0.00818041	-0.05449886	-0.06998622	-0.01526395	-0.16698393	0.05888996	-0.04391634	0.10421226	-0.00636770	0.09342466	0.05770295	-0.09686538	0.07525372	-0.00895095	-0.02861307	0.03024720	0.09083189	-0.04279403	-0.04862123	0.06543876	0.07962785	-0.02893958	-0.01293735	0.01518799	-0.06303930	0.04676515	-0.02475703	0.04158675	0.04288509	-0.03397259	-0.03404329	0.11193520	0.04973543	0.09716511	-0.06817182	0.03955715	0.03461675	-0.02683154	0.01722767	0.05589792	0.00118375	0.06532623	0.11634476	-0.03671612	-0.00315435	0.02224584	0.03326396	-0.05638736	-0.08416490	-0.09833263	0.01815384	0.07486483	-0.06263117	-0.04500820	-0.00191914	-0.00343157	0.08406021	0.08108514	-0.08819097	-0.04052674	0.01496723	-0.09159300	-0.02659067	0.00842294	-0.04326616	0.04336861	-0.02511439	-0.08489000	-0.01409911	0.05725740	-0.01822958	-0.12689960	-0.06956229	-0.00737213	-0.17332833	-0.12182040	0.00545680	-0.11227164	-0.03755388	-0.07733500	0.00369198	-0.04340708	0.13408041	0.06263982	0.06254724	-0.06281860	-0.02473434	0.04999087	0.00170347	-0.07615198	-0.01614579
-0.04299605	-0.10545640	0.13658966	0.02836285	-0.05533699	-0.11882804	0.02454362	0.03705704	0.05393995	-0.05910131	-0.03397809	-0.03725213	-0.02486357	-0.01128742	0.06483738	-0.05691155	0.04692204	-0.05537437	0.10080978	0.01385630	0.06860763	0.16679853	0.06605694	0.05984414	0.05394734	-0.00008896	0.06943086	-0.03215206	-0.06846093	-0.04267702	0.06456047	0.11033037	-0.01912895	-0.02852185	-0.03572399	0.02484008	-0.03439203	-0.11212652	-0.01551055	0.08737748	0.01446538	0.08199181	-0.02762393	0.03210553	0.05781819	-0.11319447	-0.10611966	0.02838859	0.05552689	-0.07402183	0.05400927	0.03505863	-0.09951970	-0.02246349	0.08030069	-0.03689290	0.01129636	0.09984075	-0.06924763	-0.07872944	-0.00501372	0.01411733	-0.02253019	-0.06295168	0.06794895	0.05698902	0.10946224	0.02540678	0.07447876	-0.10120460	0.09627478	0.02436580	-0.00837588	-0.00258324	0.02388550	-0.05958873	-0.08951262	0.02694223	-0.02067746	0.04075900	-0.01608379	-0.01218569	0.03865709	0.09035305	0.04946419	-0.07852195	-0.02821467	0.03455617	-0.06897277	0.00173832	-0.01156846	0.06394777	0.05906802	0.07553722	0.02633919	0.00465885	0.02982640	0.01493285	0.02417329	-0.08572461	0.01254607	-0.04269579	-0.06463370	-0.04429071	0.03344959	0.01343912	-0.06614290	-0.02772075	0.02758410	-0.03177202	0.09081990	0.03565850	0.06093165	-0.03235092	0.06634042	-0.06027522	-0.10286717	-0.03900107	-0.02823355	0.01364461	-0.00915877	-0.04549307	-0.02386986	-0.02234311	-0.04877077	0.00082006	0.01143321	-0.04625660	-0.01919501	-0.02718125	0.06449854	-0.02053229	0.05449803	0.02909790	-0.02821276	-0.04481922	0.03119807	-0.00536647	0.00874106	-0.07084607	0.06763887	0.00768994	-0.03182898	0.07650697	-0.00008801	0.01755169	-0.01905427	-0.04692036	0.13091201	0.00354726	-0.06347688	-0.00175041	0.04025456	-0.03146654	0.06523508	-0.11924186	0.04555757	-0.05708087	0.04353900	0.13527898	0.21571979	0.01536938	0.03900095	-0.02730556	0.13752200	0.00885362	-0.04887581	-0.06315036	-0.02261299	-0.16378154	0.06019805	-0.04638533	0.10786420	-0.00666682	0.08783626	0.06239511	-0.10065717	0.07269246	0.00166795	-0.03698388	0.03435800	0.09251919	-0.03015151	-0.05599276	0.06596277	0.08627740	-0.03278869	-0.01971853	0.01336876	-0.05804985	0.04519233	-0.02889693	0.03696232	0.02951390	-0.04329864	-0.03987384	0.10868653	0.05979472	0.09127900	-0.06960873	0.03296151	0.02729626	-0.02786074	0.02381109	0.05746625	0.00183412	0.06791774	0.11983351	-0.03159460	-0.00205519	0.02447151	0.04194095	-0.05270247	-0.07777680	-0.10197362	0.02770484	0.06233594	-0.06729261	-0.04939223	0.00313339	-0.00326676	0.08611044	0.08985554	-0.08521229	-0.04370014	0.01437609	-0.09566527	-0.02528740	0.00501075	-0.04212530	0.03850111	-0.01902342	-0.07869758	-0.00778909	0.05676447	-0.02321669	-0.12806420	-0.07464751	-0.01029796	-0.17628513	-0.12407728	0.00495483	-0.11017119	-0.04027356	-0.07547760	0.00285389	-0.04728436	0.13451821	0.06626800	0.06490918	-0.08109772	-0.02891406	0.04505257	0.00789315	-0.07177804	-0.01697122
-0.06287288	-0.11078645	-0.01301585	-0.02761093	-0.05617968	-0.02613368	-0.01439231	0.02579879	-0.00143121	-0.00381491	-0.03347287	-0.00992605	0.00349941	0.00463975	-0.00049851	-0.02097618	0.03335983	0.05392725	0.04557648	0.02332536	0.04116848	0.13139763	0.09376076	0.02305331	0.00883932	0.07907344	0.06014310	0.00085354	-0.16951001	-0.03135086	0.00816841	0.13919535	-0.00030929	-0.05408705	0.02023063	0.00344080	0.00252998	-0.10239419	0.07380893	0.05895996	-0.06265748	0.04718351	-0.07357246	0.03979865	-0.06337169	-0.02973308	-0.05906538	-0.07732606	0.03722048	-0.08658661	0.05845274	0.06457070	-0.08329078	-0.08500811	0.02440073	-0.07790958	0.02920562	0.12346823	-0.07233188	-0.04080360	0.00571575	0.04607191	-0.02384509	-0.12160938	0.06873395	0.06516813	0.01191774	0.00277318	-0.02255360	0.01500587	0.09547374	-0.10220419	0.00286655	-0.02378678	0.03299991	-0.04293063	-0.05563962	-0.12020683	0.08725361	0.00565433	0.01809249	0.00345820	0.09563509	0.00204392	0.10784526	-0.02055497	-0.03248739	0.03396786	-0.05358911	-0.04718859	-0.08050861	0.00661117	0.05545236	0.11736828	0.00397655	-0.02365374	-0.07758297	0.08874186	-0.05669349	-0.02830734	-0.01223185	0.00177226	-0.09875724	0.06826108	0.06677846	-0.06585643	-0.09408434	-0.02718439	0.06509178	-0.01557360	-0.05867974	0.11611128	0.05763336	-0.05500049	-0.07405587	-0.03734471	-0.08148374	-0.00542789	0.01929837	-0.08427998	0.05096765	0.04503224	-0.00872343	0.05775444	-0.10196663	-0.05570864	-0.07055638	0.02073066	-0.00688592	-0.00952585	0.09993613	0.06733830	-0.04958663	0.02682731	0.06735972	-0.07354542	-0.02920280	-0.02918144	-0.07244077	0.02068361	-0.01957608	-0.00335353	-0.00918893	0.03515347	-0.00815888	-0.06767064	-0.04766725	0.00352987	0.02882766	-0.03553956	-0.07042342	0.04103570	0.01376076	-0.00817439	0.02890301	-0.13515641	0.16495103	-0.00424012	-0.03210893	0.04967611	0.14073984	-0.09615031	0.03332029	-0.06313509	-0.00306922	0.00721851	-0.03560510	-0.07592970	-0.07058358	-0.03000647	-0.10407464	-0.08290403	0.07784066	-0.02633548	0.16270785	-0.01718447	-0.02574485	0.10558325	0.03129038	-0.01532921	-0.01560428	0.05555819	0.06074731	0.01061904	-0.02955907	0.11008575	-0.07031740	0.09973020	0.09672783	-0.10602091	-0.02519900	0.00171847	0.02429812	0.11388700	-0.06893824	-0.00400581	0.11022700	0.01420427	0.06777409	-0.03095793	-0.02190841	0.01622160	-0.06110937	0.09792335	-0.13042095	-0.02260149	0.03825384	0.06375864	0.04002152	-0.00697331	-0.00670065	-0.04780082	-0.06244816	-0.12854107	-0.09560278	-0.00245602	0.07411229	-0.03092119	-0.07877133	-0.04959584	0.01115766	0.04024787	-0.02219217	-0.02457395	0.00064618	-0.02077494	-0.06137350	0.02241312	0.06265417	0.01591286	0.05275267	-0.04666684	-0.00588365	0.00603631	0.07404917	0.05170214	-0.03521279	0.02925582	0.08244531	-0.13118483	-0.01772379	0.09053172	0.00585352	0.03523988	0.00318736	-0.03183556	0.00395003	-0.03715880	0.01353886	0.15076312	-0.09835876	-0.05184932	0.08795483	-0.04960680	0.04394449	-0.11796939
-0.06602355	-0.10311518	-0.01502184	-0.02869104	-0.05975890	-0.03177413	-0.01004392	0.02533111	0.00383238	-0.00315615	-0.03941972	-0.01366610	-0.00139150	0.00870992	-0.00357555	-0.02435832	0.02589296	0.06022966	0.04799705	0.02125967	0.03695939	0.12626646	0.09319376	0.02501313	0.00438065	0.07840906	0.05984327	0.00547218	-0.16737632	-0.03461393	0.00545539	0.13510501	0.01009368	-0.05487829	0.03068053	0.00487082	0.00495943	-0.09872706	0.07803132	0.05689379	-0.06476483	0.04257207	-0.07714988	0.03505367	-0.06533850	-0.03231543	-0.05931030	-0.07642800	0.03277745	-0.08478729	0.06061067	0.06718140	-0.08374007	-0.09708867	0.02824771	-0.06936938	0.03819470	0.12097449	-0.07587076	-0.03266064	0.00203743	0.05611461	-0.02562379	-0.12634583	0.06484719	0.06642655	0.00765190	-0.00129429	-0.02485151	0.01462242	0.09060898	-0.10558511	0.00673582	-0.02412706	0.04047158	-0.04987521	-0.05124023	-0.12893635	0.08676706	0.00082629	0.01658760	0.00400203	0.09427733	-0.00132947	0.10689195	-0.02574904	-0.04019285	0.04023304	-0.05372772	-0.04448294	-0.08040207	0.01392642	0.05988046	0.11600479	0.00651336	-0.02308442	-0.07725266	0.08904603	-0.04571254	-0.03695514	-0.00725361	-0.00447845	-0.10539521	0.06218670	0.06914197	-0.05901982	-0.09346967	-0.03032015	0.06125382	-0.01225420	-0.05757159	0.11583154	0.05759149	-0.05769300	-0.07281978	-0.04006462	-0.07292761	-0.00784118	0.01859398	-0.07284995	0.05214321	0.04545615	0.00356261	0.05751987	-0.10543904	-0.05637058	-0.06994371	0.02520306	0.00337025	-0.00660247	0.09724943	0.06518628	-0.03983071	0.03275279	0.06589508	-0.07993215	-0.02836890	-0.02754357	-0.07044741	0.02163134	-0.02056447	-0.00327659	-0.01259810	0.03716302	-0.00491969	-0.06412780	-0.05120360	0.00914429	0.03129895	-0.03086086	-0.07228196	0.03684076	0.01711954	-0.00210396	0.02903736	-0.13423839	0.15735887	-0.00065428	-0.03465108	0.04783040	0.15434226	-0.09017291	0.04203878	-0.06648234	0.00203298	0.01038541	-0.03874851	-0.06533977	-0.06598674	-0.03932160	-0.10225631	-0.08396115	0.06865373	-0.03481662	0.16643448	-0.02151639	-0.02620997	0.10274549	0.03903647	-0.01451853	-0.01482457	0.05654778	0.06015624	0.00868712	-0.03378126	0.10821908	-0.07090919	0.09763778	0.09539570	-0.09908412	-0.02084451	-0.00129469	0.02365400	0.10846095	-0.06424504	0.00204505	0.10634316	0.01231331	0.07392411	-0.03066599	-0.02732109	0.01780931	-0.06302621	0.10462464	-0.13306145	-0.02412365	0.04876519	0.06637640	0.03525326	-0.00888690	0.00341777	-0.04901883	-0.06841823	-0.12503965	-0.09084369	-0.00972348	0.07480699	-0.03022911	-0.07672943	-0.04576452	0.01637715	0.03392170	-0.02079904	-0.03182717	0.00369533	-0.02798348	-0.05813218	0.01729412	0.06777641	0.01941018	0.04745963	-0.05099019	0.00168334	0.00200604	0.07736839	0.05140921	-0.02953723	0.02513422	0.08275280	-0.13049184	-0.01351295	0.09294349	0.00347811	0.03589297	-0.00470728	-0.02882068	0.00009497	-0.04476745	0.01074514	0.15720496	-0.09896876	-0.04980308	0.08563746	-0.04267682	0.05178875	-0.11346301
-0.06661066	-0.10827336	-0.01651360	-0.02547119	-0.05596322	-0.03109918	-0.01165771	0.02824567	0.00568224	-0.00096903	-0.04064537	-0.01308084	0.00254678	0.00722648	-0.00290711	-0.01909484	0.02651039	0.05448070	0.04995505	0.02942980	0.04234838	0.12843655	0.09218396	0.03023881	0.00646645	0.09062587	0.06484338	0.00118924	-0.15928282	-0.02827404	0.01189362	0.12934415	0.00308447	-0.05211377	0.02695470	0.00226514	0.00571983	-0.10008650	0.07829785	0.05543695	-0.05907695	0.04079854	-0.07180358	0.03638770	-0.06486703	-0.03244536	-0.05980792	-0.07393531	0.03057641	-0.08831660	0.05759011	0.06023218	-0.08225631	-0.08434834	0.02152111	-0.07191560	0.03419948	0.11990003	-0.07426292	-0.04030804	0.00563123	0.04625883	-0.01617563	-0.12193766	0.07064903	0.06181499	0.00698288	0.00341069	-0.02444905	0.01304985	0.09634572	-0.09778247	0.00406884	-0.02467973	0.04052738	-0.04655330	-0.05425756	-0.12157340	0.08294705	0.00752845	0.01978338	0.00848889	0.09427960	-0.00600129	0.10735323	-0.02509320	-0.03184592	0.03606340	-0.05898846	-0.04743297	-0.07913477	0.01123014	0.05347131	0.11294436	0.00442949	-0.02327554	-0.07797469	0.08957966	-0.04783048	-0.03092987	-0.00649890	-0.00297388	-0.10417933	0.06527408	0.06744897	-0.06420977	-0.09224264	-0.03904888	0.06475697	-0.01275845	-0.05458947	0.11615015	0.05224481	-0.05656546	-0.07653969	-0.03920290	-0.07468046	-0.00997489	0.01727167	-0.08481496	0.05240185	0.03936629	0.00568373	0.05774191	-0.10167614	-0.06371455	-0.07227963	0.01565325	-0.00204061	-0.01267180	0.09703635	0.07034563	-0.04355761	0.03575687	0.07088065	-0.07612544	-0.02782565	-0.02313629	-0.07033331	0.02212132	-0.01544232	-0.00501981	-0.01034364	0.03435847	-0.00630015	-0.06795421	-0.05057827	-0.00164527	0.03193835	-0.03628356	-0.06830493	0.04221636	0.01273915	-0.00275201	0.02810583	-0.14003593	0.16391492	0.00442309	-0.03132657	0.04779218	0.15157296	-0.09221058	0.03768752	-0.06438838	-0.00807839	0.00682242	-0.03686664	-0.07517051	-0.07470812	-0.03380494	-0.10441594	-0.08276041	0.08331437	-0.03058631	0.16573109	-0.01556853	-0.02610146	0.10072964	0.03722866	-0.02080138	-0.01319307	0.05303850	0.06856707	0.01153632	-0.03608873	0.10303967	-0.06617283	0.10342895	0.09527717	-0.10106038	-0.02288102	-0.00161143	0.02527862	0.11316153	-0.06760098	-0.00865019	0.10911431	0.00893920	0.07040671	-0.03434148	-0.03135013	0.02030686	-0.05730906	0.09851316	-0.12593418	-0.02092845	0.03998532	0.06837633	0.03985238	-0.01412564	-0.00043897	-0.04289638	-0.06862723	-0.12812102	-0.09671174	-0.00719856	0.06854419	-0.02537612	-0.07896947	-0.04673414	0.01779879	0.03337277	-0.01576383	-0.03020367	0.00593133	-0.02318414	-0.05980149	0.01877748	0.06775195	0.01625508	0.05126179	-0.04948198	-0.00288626	0.00402410	0.07392877	0.05765865	-0.02778531	0.02655067	0.08541570	-0.13634495	-0.02353691	0.09414764	0.00542674	0.03503795	-0.00572420	-0.03317858	0.00507523	-0.03826017	0.01358730	0.15873425	-0.09942152	-0.05195963	0.09160373	-0.03923595	0.04706445	-0.11390425
-0.06634586	-0.10348763	-0.01174160	-0.02828348	-0.05536855	-0.02597274	-0.00979114	0.02926952	-0.00515905	-0.00134719	-0.03626284	-0.01463810	-0.00466394	0.00395849	0.00414128	-0.02083185	0.02639279	0.05617102	0.04085808	0.02557291	0.04293166	0.13248263	0.09386312	0.02970671	0.00819944	0.07617003	0.06674656	0.00165594	-0.17138311	-0.03280259	0.00968394	0.13939714	0.00344856	-0.05256751	0.02585054	0.01041715	0.00774193	-0.09502275	0.07767245	0.05542327	-0.06380182	0.03734237	-0.07255210	0.03986022	-0.05992195	-0.03008064	-0.06152766	-0.07328063	0.03866686	-0.08401264	0.06705350	0.06541812	-0.09075487	-0.08977409	0.02265048	-0.07430884	0.03202366	0.12099824	-0.07481531	-0.03799909	0.00966716	0.04806886	-0.02321727	-0.12178896	0.06436536	0.06725555	0.00508890	0.00067815	-0.02530495	0.01358378	0.09119122	-0.10314799	0.00764057	-0.02587934	0.04175480	-0.03441392	-0.05038083	-0.12148387	0.08038077	0.00422575	0.01675222	0.00320096	0.09344068	0.00051361	0.10491738	-0.03093497	-0.03799378	0.03301843	-0.04916505	-0.04357078	-0.08260258	0.00564261	0.05754882	0.11550684	0.01145999	-0.02639901	-0.07594937	0.09016480	-0.05443823	-0.03325864	-0.00792660	-0.00455942	-0.10840265	0.06942715	0.07001887	-0.06173484	-0.09516543	-0.03016185	0.07089742	-0.01304476	-0.05407280	0.11460638	0.05701303	-0.05560654	-0.07381585	-0.04025905	-0.08009199	-0.01125747	0.01331373	-0.07552878	0.05153207	0.05157779	-0.00016376	0.06077936	-0.10155743	-0.05943188	-0.06761606	0.01893837	-0.00310074	-0.00365746	0.09973691	0.06140553	-0.04039281	0.02862998	0.07475262	-0.07326873	-0.02942258	-0.03417925	-0.07615696	0.02594989	-0.02001012	-0.00242610	-0.00638087	0.02955162	-0.00085610	-0.06031673	-0.04595476	0.00693316	0.03748926	-0.02975566	-0.07403667	0.03600325	0.01539371	-0.00616941	0.02161086	-0.13415559	0.16381378	-0.00663562	-0.02972353	0.04893501	0.15066570	-0.09042925	0.03305266	-0.06661013	-0.00431515	0.01192410	-0.03858520	-0.06953993	-0.07082993	-0.03221455	-0.10631789	-0.08931208	0.07585362	-0.02975351	0.16398294	-0.02331660	-0.02495686	0.10127781	0.04276310	-0.01276860	-0.01913063	0.05773254	0.05883558	0.00697648	-0.03212312	0.10740223	-0.06612806	0.10361604	0.09846798	-0.10120456	-0.01320938	0.00190400	0.02109365	0.11071636	-0.06278827	-0.00118920	0.11058897	0.00592578	0.07177983	-0.03345166	-0.02409522	0.02282767	-0.06334896	0.10319703	-0.13496846	-0.02726817	0.04225890	0.07078640	0.03599352	-0.00840313	0.00059136	-0.04269720	-0.06023296	-0.12151269	-0.09812953	0.00102816	0.07325613	-0.03080217	-0.08151878	-0.04336877	0.01277325	0.03590427	-0.02366851	-0.03236293	0.00276511	-0.02384914	-0.06049474	0.01851005	0.06001650	0.02010960	0.05287051	-0.04967054	-0.00354217	-0.00827708	0.06942755	0.05446381	-0.02993316	0.02596703	0.07887648	-0.12392798	-0.01126155	0.08967710	0.00037480	0.02981944	-0.00231332	-0.02507641	0.00174664	-0.03830526	0.01161317	0.15788338	-0.10048264	-0.05228566	0.08972897	-0.04555312	0.05091441	-0.11900289
-0.00873528	-0.04222129	0.08634114	0.03740829	-0.07321212	-0.00375136	-0.00322527	-0.01522097	0.04701483	-0.10063452	-0.04289420	-0.11057598	-0.04978547	0.10104492	0.00689537	-0.07163764	0.01661192	0.00880827	-0.05151083	0.02528103	0.12603539	0.12297199	0.01622075	-0.00611160	0.06738281	-0.04763924	0.07338072	0.08058175	-0.06891139	0.04696900	0.07687008	0.01755819	0.01803739	0.02461937	0.01888070	0.07699275	0.05924959	-0.11800750	0.08758435	0.12084717	0.03776854	0.06055985	0.03805235	0.05556566	-0.06869717	-0.00957504	0.07185961	-0.03816115	0.10382326	-0.02495470	-0.06663600	0.16504739	-0.13898139	0.06206662	-0.04595660	-0.03644823	0.02959952	0.05649344	-0.01011782	-0.00823302	-0.03070754	0.06395373	-0.08392692	-0.04793356	0.06978793	0.01354018	0.02868813	0.06736947	0.01623568	0.00280434	0.10162509	-0.01361375	0.07052507	0.03631321	0.04278224	-0.01210330	-0.07837700	0.04068744	0.05119820	-0.08253973	-0.00966908	-0.05524218	0.02048911	0.02749248	0.05066122	-0.05849309	0.05952798	0.09198195	-0.04969698	-0.00715442	-0.08062688	0.06266592	0.03600204	0.02162661	0.05355129	0.03607461	-0.02164358	0.12937538	0.03395662	-0.00146187	0.04639218	-0.00827019	-0.04447005	0.05637395	0.02070637	-0.05527087	-0.08989191	0.00014204	0.03233312	-0.15845542	0.00444475	-0.01957048	0.10597515	0.00780458	0.07911132	-0.00862251	-0.06033009	-0.09558834	0.00379798	-0.05494399	-0.02354134	0.04381218	0.03675938	0.02859382	-0.00644021	0.01559738	-0.07406216	-0.02261234	-0.10100506	0.08426734	0.03275174	0.02431208	-0.01965585	0.04008304	-0.00323368	-0.07990217	-0.01418668	0.01333471	-0.00098990	-0.08840811	0.07155810	-0.01775111	0.00300887	-0.01926755	0.01229903	-0.04630415	0.03527688	-0.02268754	0.01099264	0.02349867	-0.05132874	-0.07866082	0.12169489	-0.00459711	-0.05914311	-0.09485699	0.05735505	-0.08466376	-0.01183464	0.05556521	0.14589719	-0.03529315	0.01842661	-0.06093087	-0.02742317	-0.02486413	-0.06738017	-0.02338638	0.00481345	-0.07803722	0.00916475	-0.16483587	-0.00175434	-0.03567868	0.10654205	-0.03917116	-0.01347510	0.10518878	0.00753394	-0.06560501	0.05788118	0.12312266	0.10166454	-0.04605975	-0.01106164	-0.03453017	-0.08079792	0.12537666	0.02207128	-0.01092040	-0.02346567	0.00589304	0.07215048	0.08790790	0.05632608	-0.05469324	0.10371815	0.07160670	0.06160179	-0.05476583	-0.03190691	0.09006359	-0.08887267	-0.07414805	-0.00227674	-0.03533019	-0.00830218	0.09740291	-0.05812110	-0.07987133	0.06128373	-0.10719634	-0.06324652	-0.06602011	-0.02540686	0.09488444	-0.04294986	-0.02317124	-0.00591852	0.02401964	0.05501518	0.12339671	0.00042907	0.02438421	0.00621373	-0.03873162	-0.03402949	0.10359018	-0.09545573	-0.01510418	0.03186719	0.00886025	0.00027406	0.08350775	0.11428526	0.02977369	-0.08838968	-0.04655711	0.04768477	-0.13077669	-0.01229163	-0.04695595	-0.05191521	-0.04426696	0.06776290	-0.00447478	0.06129314	0.02610309	0.01204377	0.09088071	-0.08931606	-0.08955865	0.05034636	0.06438947	0.04967852	0.09293326
-0.00247145	-0.04689524	0.08916965	0.02932438	-0.07764687	-0.00592155	-0.00784888	-0.00791749	0.03943712	-0.09889717	-0.04082114	-0.11379740	-0.04604293	0.09767118	0.00095250	-0.07561477	0.02238661	0.01224644	-0.05676989	0.02301786	0.12480155	0.11712696	0.01925412	-0.00676699	0.06809887	-0.04621493	0.06547457	0.07251117	-0.06800974	0.05088370	0.06677568	0.03296733	0.00758655	0.01960759	0.02496362	0.08222168	0.05508088	-0.11592967	0.09097489	0.11694149	0.04551249	0.05736980	0.03701613	0.05732178	-0.07201339	-0.00448975	0.07309831	-0.02643356	0.10798786	-0.02861097	-0.07205056	0.16791368	-0.14177470	0.05635605	-0.04380454	-0.03723083	0.03294981	0.05380401	-0.00735224	-0.00910175	-0.02559572	0.06544106	-0.08937654	-0.04404137	0.06770094	0.00978909	0.02958724	0.07014844	0.00967059	0.00955493	0.09900063	-0.01054113	0.06919435	0.03841282	0.03700652	-0.01718273	-0.07135540	0.04303223	0.05626683	-0.08326925	-0.01181236	-0.05991760	0.01968518	0.02627871	0.04789083	-0.05884129	0.05869581	0.09279837	-0.05128065	-0.01445536	-0.07972261	0.06071866	0.02943096	0.01859167	0.05455241	0.04075513	-0.01696526	0.13781692	0.03173550	0.00534132	0.04274213	-0.00575079	-0.04023865	0.05559691	0.01434377	-0.05088998	-0.09037817	-0.00835237	0.03347406	-0.15754715	0.01084594	-0.01216282	0.10226384	0.00608894	0.07295400	-0.00822768	-0.06241995	-0.08346582	-0.00188759	-0.05326042	-0.02007878	0.04266499	0.03723554	0.02423304	-0.00360546	0.01654801	-0.07425805	-0.01878416	-0.09747028	0.07801285	0.03721892	0.01971101	-0.02393093	0.03633867	-0.00706190	-0.08403139	-0.01648786	0.01411490	0.00690319	-0.09351429	0.07179379	-0.01846496	0.00496695	-0.02116536	0.01756019	-0.05311919	0.03058908	-0.02429048	0.01485409	0.02675418	-0.04890333	-0.07661678	0.12228955	-0.01021196	-0.06123650	-0.09245797	0.05995772	-0.08803561	-0.00749484	0.05870670	0.15254474	-0.02737798	0.01914193	-0.06532062	-0.01726200	-0.02870595	-0.07121493	-0.01803240	0.00817366	-0.07474586	0.01379523	-0.16788086	-0.00288309	-0.03425088	0.10732125	-0.03790391	-0.02083769	0.10660360	0.01108660	-0.07266624	0.05801199	0.11915671	0.10850435	-0.04736599	-0.00915552	-0.03100631	-0.07937043	0.12157468	0.02083310	-0.00893506	-0.01856277	0.00319229	0.07054217	0.08546504	0.05754319	-0.05522559	0.10592171	0.07575387	0.06091835	-0.05908548	-0.03191217	0.09084084	-0.08738391	-0.07842743	0.00053596	-0.03978747	-0.01138132	0.09590840	-0.06015624	-0.07844029	0.06293397	-0.11025140	-0.06227538	-0.06676612	-0.03016087	0.09345747	-0.03036698	-0.02283182	-0.01319243	0.01942172	0.05528627	0.12605619	-0.00188331	0.02143900	0.00559355	-0.04328174	-0.03938400	0.10182893	-0.09955934	-0.01195041	0.03514490	0.00427897	-0.00107490	0.08089602	0.11743743	0.02544102	-0.08254352	-0.04869303	0.04998207	-0.13433856	-0.01123213	-0.04523052	-0.04752897	-0.04010725	0.06802826	-0.00752244	0.06424011	0.02692393	0.00770133	0.08882696	-0.08659511	-0.08709707	0.05033786	0.06678317	0.04422639	0.09026304
-0.00926569	-0.04555488	0.08852366	0.03169961	-0.07042914	-0.00087506	-0.00465987	-0.01279373	0.04322713	-0.09885649	-0.03749049	-0.11449073	-0.04327520	0.09933443	0.00921414	-0.06796898	0.01665722	0.00815889	-0.05158118	0.02629666	0.12129299	0.11760973	0.01957457	-0.00492228	0.06979366	-0.04682720	0.06421550	0.07936659	-0.06565608	0.04377934	0.07856664	0.02570217	0.00636698	0.01933844	0.01393688	0.07962793	0.05215077	-0.11337772	0.09036746	0.11943470	0.03808642	0.05458952	0.03298443	0.05482308	-0.07106809	-0.00251797	0.07552390	-0.03496855	0.10948610	-0.02622493	-0.06762411	0.17160663	-0.14347999	0.06155204	-0.04474288	-0.04312556	0.02994329	0.05488410	-0.00836085	-0.01026817	-0.02727191	0.05732591	-0.08520770	-0.04815489	0.06891090	0.01042737	0.03142140	0.06296275	0.01204153	-0.00304158	0.09512192	-0.00876679	0.06301638	0.03907181	0.04118899	-0.01464009	-0.07495650	0.03427418	0.05331268	-0.08457955	-0.01179093	-0.06220539	0.01495840	0.02802345	0.05674483	-0.05358772	0.05467349	0.09698060	-0.05768504	-0.01347606	-0.09146113	0.05706738	0.03255839	0.03104693	0.05000667	0.04086361	-0.01789300	0.13339579	0.03926091	0.00341405	0.04567552	-0.01656494	-0.04089335	0.05938020	0.01226096	-0.05307085	-0.09177376	-0.00696041	0.03436384	-0.16101393	0.00948197	-0.01314165	0.10503319	0.00703529	0.07083649	-0.00884968	-0.05846865	-0.08646259	0.00077787	-0.05249679	-0.02116190	0.03882976	0.03568516	0.02273584	-0.00513037	0.00956250	-0.06765334	-0.02265939	-0.10071798	0.08622777	0.04447031	0.02012009	-0.01706163	0.03422736	-0.01020062	-0.07827137	-0.01535001	0.00633217	0.00707299	-0.09183981	0.07129022	-0.01820316	-0.00021756	-0.01653433	0.01821190	-0.04818296	0.04109765	-0.02779666	0.01287808	0.02677398	-0.04463213	-0.08044602	0.12555011	-0.01116598	-0.05944993	-0.09336253	0.05848623	-0.08777662	-0.00784845	0.06561819	0.14714374	-0.03327631	0.02023558	-0.06213385	-0.02713354	-0.02534258	-0.07525375	-0.01508628	0.00536664	-0.07832497	0.00804550	-0.16719694	-0.00493637	-0.02879452	0.11709554	-0.03394388	-0.01502210	0.10019384	0.00602940	-0.06994577	0.05219614	0.12908012	0.10340117	-0.05148610	-0.00942169	-0.02438498	-0.07775182	0.12127307	0.02287923	-0.00384611	-0.02188618	0.00687996	0.06853569	0.07931201	0.05726760	-0.05210856	0.10624372	0.07050377	0.05850080	-0.06035004	-0.03823181	0.09897169	-0.08538362	-0.07545875	0.01101611	-0.03812177	-0.00838580	0.09554724	-0.05711231	-0.07688633	0.06001314	-0.10570617	-0.06653934	-0.06811521	-0.02638165	0.08736530	-0.02978215	-0.02050987	-0.00716741	0.01625861	0.05178207	0.12467168	-0.00561991	0.01894004	0.01370664	-0.03572916	-0.04031055	0.10344033	-0.10455880	-0.00935290	0.04226698	0.00310543	-0.00066403	0.08595133	0.11627725	0.02713211	-0.08410073	-0.05127216	0.05079389	-0.13378559	-0.01638508	-0.04849033	-0.04858320	-0.04039886	0.06880797	-0.00327339	0.06512699	0.02665484	0.00807697	0.08639743	-0.08984861	-0.08743837	0.04625458	0.06395901	0.05209057	0.09157476
-0.00431833	-0.04760079	0.08949168	0.03378252	-0.07257496	-0.00648323	-0.00395169	-0.00621139	0.04066874	-0.09766347	-0.04029993	-0.11381502	-0.04829331	0.09582907	0.00585191	-0.06353012	0.02464753	0.00944731	-0.05180405	0.03000696	0.12069354	0.12028568	0.02495413	-0.00060045	0.06426410	-0.04495821	0.06850879	0.07845808	-0.07268084	0.05122300	0.07574955	0.02012262	0.01732893	0.01647437	0.02015334	0.07540122	0.05478974	-0.12235051	0.08672652	0.12277347	0.04180335	0.05616660	0.03161281	0.05656031	-0.07460528	0.00063174	0.07856677	-0.02866499	0.10551786	-0.02844359	-0.07079315	0.16808464	-0.13908423	0.06275956	-0.04607292	-0.04260065	0.02861716	0.05448845	-0.01267131	-0.01170464	-0.02295685	0.05581864	-0.08670404	-0.05342055	0.06877353	0.00454014	0.03512712	0.05977891	0.01307205	0.00155951	0.09453169	-0.01271551	0.07172208	0.03956207	0.03953671	-0.01151470	-0.07664614	0.04373048	0.05817672	-0.08023980	-0.01027186	-0.04650690	0.02253050	0.03047277	0.04637426	-0.05835991	0.06023607	0.09991654	-0.06243567	-0.01502105	-0.08545475	0.05463788	0.03855191	0.03001288	0.05181305	0.03827628	-0.02448023	0.13389362	0.03706075	0.00087104	0.04280355	-0.00185106	-0.04300905	0.06400884	0.01603136	-0.05249786	-0.08983350	-0.00099440	0.02565034	-0.16091634	-0.00410331	-0.01007546	0.10978332	0.00557013	0.07317077	-0.00572655	-0.06011766	-0.08789267	0.00021566	-0.05578773	-0.01587817	0.03831096	0.03840848	0.02659050	-0.00504709	0.01733446	-0.07219884	-0.02044292	-0.10012280	0.08065644	0.03984709	0.02508048	-0.02237693	0.03291946	-0.00733699	-0.08468455	-0.01722924	0.01052447	0.00376983	-0.08654594	0.06947090	-0.01759911	0.00326742	-0.02461640	0.01635666	-0.05321392	0.03861391	-0.02569931	0.02039478	0.02755747	-0.04357282	-0.07466287	0.12075274	-0.01306341	-0.05338191	-0.09203928	0.05957405	-0.08445705	-0.01001106	0.06043214	0.14257166	-0.03323152	0.01694065	-0.06754825	-0.02821985	-0.02113771	-0.06530479	-0.01484417	0.00913089	-0.07811462	0.01088792	-0.16463189	-0.00133564	-0.03564658	0.10879827	-0.03405259	-0.01444547	0.10557317	0.01477729	-0.06975179	0.04658142	0.11790534	0.10437716	-0.04498963	-0.01392939	-0.03231153	-0.07999711	0.12148760	0.02418629	-0.01238118	-0.01978850	0.00156147	0.06913956	0.08921745	0.05728122	-0.05332243	0.10904086	0.07148524	0.05891130	-0.06516151	-0.03720344	0.09263515	-0.09172577	-0.07294364	0.00785556	-0.04228408	-0.01280806	0.09387548	-0.06332545	-0.08456507	0.06187694	-0.10620692	-0.06466322	-0.06835445	-0.02701044	0.09391137	-0.03486437	-0.02376256	-0.01579586	0.01867281	0.05258974	0.13194551	-0.00487004	0.02610951	0.01286704	-0.03550551	-0.04449576	0.10368017	-0.09877419	-0.01855699	0.02995628	-0.00034571	-0.00025439	0.08208349	0.11725309	0.02489843	-0.09169424	-0.05432479	0.05178339	-0.13553031	-0.00857563	-0.04419282	-0.04077313	-0.03790080	0.06439818	-0.00667406	0.06314465	0.02218710	0.01309083	0.09064412	-0.09026107	-0.07731200	0.05135062	0.05990633	0.04629968	0.08887949
